ime,email
Augustine McMeekin,amcmeekin0@yahoo.com
Adrianna Muffitt,amuffitt1@opera.com
Olivero McFadin,omcfadin2@hao123.com
Minna Grisbrook,mgrisbrook3@theglobeandmail.com
Mellisa Goering,mgoering4@nationalgeographic.com
Caz Matthewes,cmatthewes5@psu.edu
Petronella Cazin,pcazin6@squidoo.com
Rolph Pierrepoint,rpierrepoint7@clickbank.net
Rebekah Serman,rserman8@cnet.com
Lorilee Jovicic,ljovicic9@intel.com
Easter Frank,efranka@theglobeandmail.com
Shelagh Lillford,slillfordb@w3.org
Aubrette Oneill,aoneillc@npr.org
Josephine Palfery,jpalferyd@bbb.org
Darrelle Izod,dizode@jugem.jp
Benedict Corballis,bcorballisf@github.io
Janelle Orkney,jorkneyg@dropbox.com
Georgena Durbin,gdurbinh@fda.gov
Viki Kleinlerer,vkleinlereri@ezinearticles.com
Brittne Gerbi,bgerbij@theatlantic.com
Frankie Saile,fsailek@last.fm
Deeyn Singers,dsingersl@abc.net.au
Shaylynn Reye,sreyem@blogger.com
Johnathon Piercy,jpiercyn@delicious.com
Shoshanna O'Hara,soharao@cisco.com
Mischa Genny,mgennyp@earthlink.net
Raviv Powton,rpowtonq@gravatar.com
Savina Finlry,sfinlryr@geocities.com
Odette Waterdrinker,owaterdrinkers@dedecms.com
Griselda Rumbelow,grumbelowt@goo.gl
Chevy Olivazzi,colivazziu@squarespace.com
Viola Gullam,vgullamv@umn.edu
Herbie Courtes,hcourtesw@google.co.jp
Darbie Amery,dameryx@seattletimes.com
Anson Colbourne,acolbourney@bloomberg.com
Jeane Nansom,jnansomz@jalbum.net
Lelah Putnam,lputnam10@technorati.com
Emeline Brunton,ebrunton11@icio.us
Bennett Braddick,bbraddick12@marketwatch.com
Ignacio Mewitt,imewitt13@loc.gov
Onofredo Milan,omilan14@yandex.ru
Merna O'Hallihane,mohallihane15@naver.com
Carmela Korn,ckorn16@nasa.gov
Murdock Alenov,malenov17@tiny.cc
Innis Menhci,imenhci18@columbia.edu
Trenton Hobden,thobden19@google.nl
Karim Wallenger,kwallenger1a@deviantart.com
Garner Leebetter,gleebetter1b@virginia.edu
Bjorn Rishworth,brishworth1c@state.tx.us
Wynnie Caso,wcaso1d@myspace.com
Morey Diloway,mdiloway1e@ebay.com
Perrine Bowker,pbowker1f@theguardian.com
Shay Jouhandeau,sjouhandeau1g@who.int
Rosella Grellier,rgrellier1h@last.fm
Jolie Postin,jpostin1i@icio.us
Celeste Marriage,cmarriage1j@ucla.edu
Merv Lupson,mlupson1k@weebly.com
Fran Lyptrade,flyptrade1l@smh.com.au
Selby Fyall,sfyall1m@gnu.org
Rudyard Fuentes,rfuentes1n@cnn.com
Van Verdon,vverdon1o@photobucket.com
Dukey Copnall,dcopnall1p@qq.com
Gerri Guillford,gguillford1q@google.com.br
Joyous Attewill,jattewill1r@dion.ne.jp
Vittoria Bonar,vbonar1s@upenn.edu
Adel Maffucci,amaffucci1t@chicagotribune.com
Deanne Sparry,dsparry1u@amazon.co.uk
Joey Eshmade,jeshmade1v@lulu.com
Skippy Ship,sship1w@a8.net
Nicol Jasiak,njasiak1x@devhub.com
Finlay Adamowicz,fadamowicz1y@omniture.com
Harcourt Soot,hsoot1z@lulu.com
Frederica Vossing,fvossing20@nasa.gov
Katlin Feldhammer,kfeldhammer21@geocities.com
Raleigh Lampert,rlampert22@freewebs.com
Vergil Chomley,vchomley23@paypal.com
Desmond Davenhall,ddavenhall24@wsj.com
Eleanor Dearnaly,edearnaly25@tripod.com
Rutherford Rasor,rrasor26@51.la
Emlen Cringle,ecringle27@mayoclinic.com
Valerie Penkman,vpenkman28@imdb.com
Matt Lampaert,mlampaert29@storify.com
Xerxes Witherup,xwitherup2a@jalbum.net
Shirlee Adamsen,sadamsen2b@umn.edu
Kenneth Salzen,ksalzen2c@tamu.edu
Inge Ciciari,iciciari2d@is.gd
Randal Stanley,rstanley2e@blogtalkradio.com
Yetta McGrill,ymcgrill2f@time.com
Jasen Nurden,jnurden2g@example.com
Susannah Janak,sjanak2h@parallels.com
Glendon Schiefersten,gschiefersten2i@chron.com
Gaultiero Willcox,gwillcox2j@smugmug.com
Tani Frankema,tfrankema2k@blogtalkradio.com
Uriah Wodham,uwodham2l@gizmodo.com
Georgianna Shemming,gshemming2m@goo.gl
Rana Gudgion,rgudgion2n@blogger.com
Dalt Betje,dbetje2o@desdev.cn
Georgine Rodder,grodder2p@parallels.com
Janek Wakerley,jwakerley2q@nih.gov
Gray Fonzone,gfonzone2r@twitter.com
Enrica McCreedy,emccreedy2s@yale.edu
Kelby Ebbin,kebbin2t@blogspot.com
Ranice Colchett,rcolchett2u@odnoklassniki.ru
Amity Alabone,aalabone2v@sfgate.com
Hana Pitbladdo,hpitbladdo2w@arstechnica.com
Cristie Daal,cdaal2x@fda.gov
Alanson Iori,aiori2y@buzzfeed.com
Konstance Newby,knewby2z@phpbb.com
Emmet Iliffe,eiliffe30@bing.com
Joannes Sam,jsam31@statcounter.com
Annemarie Andrick,aandrick32@ask.com
Dilan Dufer,ddufer33@netvibes.com
Palm Ecclesall,pecclesall34@mapy.cz
Olivie Verlinde,overlinde35@economist.com
Jo ann Keep,jann36@vinaora.com
Gay Gameson,ggameson37@oaic.gov.au
Ira Kobierski,ikobierski38@ask.com
Clementius Hulse,chulse39@bbc.co.uk
Cassandry Motherwell,cmotherwell3a@comcast.net
Josepha Bason,jbason3b@slashdot.org
Monro Biasini,mbiasini3c@ftc.gov
Thibaud Kneeland,tkneeland3d@ehow.com
Alwin Pimerick,apimerick3e@adobe.com
Guenevere Caldroni,gcaldroni3f@shop-pro.jp
Ashlen Blunt,ablunt3g@skyrock.com
Jamison Kenaway,jkenaway3h@eventbrite.com
Lawton Marder,lmarder3i@taobao.com
Tove Glassard,tglassard3j@bizjournals.com
Jay Lauritsen,jlauritsen3k@fema.gov
Tamiko Daborn,tdaborn3l@rediff.com
Anstice Tapley,atapley3m@unc.edu
Leonie Prate,lprate3n@narod.ru
Hildagard Drysdell,hdrysdell3o@engadget.com
Rochell Brunelli,rbrunelli3p@house.gov
Lorena Sarchwell,lsarchwell3q@google.ca
Hoyt Youles,hyoules3r@prnewswire.com
Britte Balstone,bbalstone3s@ted.com
Kristen Vaar,kvaar3t@constantcontact.com
Kevan Castanone,kcastanone3u@xrea.com
Elga Cready,ecready3v@reuters.com
Morly Volleth,mvolleth3w@a8.net
Xenos Matthiesen,xmatthiesen3x@qq.com
Samuele Kohler,skohler3y@behance.net
Diannne Pointin,dpointin3z@youtu.be
Netti Keggins,nkeggins40@cdbaby.com
Keslie Mcimmie,kmcimmie41@vinaora.com
Aloisia Haime,ahaime42@tumblr.com
Shell Allett,sallett43@php.net
Errol Bethune,ebethune44@ning.com
Karim Beaten,kbeaten45@state.gov
Dayle Grosvenor,dgrosvenor46@examiner.com
Ricardo Timmons,rtimmons47@wufoo.com
Flossy Kermott,fkermott48@opera.com
Dayna Enright,denright49@shutterfly.com
Lula Keggins,lkeggins4a@wiley.com
Ignaz Cromer,icromer4b@cam.ac.uk
Kathrine Tilney,ktilney4c@independent.co.uk
Darline Cozzi,dcozzi4d@wikipedia.org
Christine Perulli,cperulli4e@vinaora.com
Rozina Angeau,rangeau4f@github.io
Irene Gonneau,igonneau4g@nsw.gov.au
Mackenzie Bowcock,mbowcock4h@twitpic.com
Shirlene Glazer,sglazer4i@umn.edu
Adelice Grundon,agrundon4j@china.com.cn
Randi Fosken,rfosken4k@wikia.com
Bay Jantot,bjantot4l@prweb.com
Janeczka Girvan,jgirvan4m@phoca.cz
Ellen Dods,edods4n@goodreads.com
Grissel Sauvain,gsauvain4o@techcrunch.com
Amalle Crucetti,acrucetti4p@ox.ac.uk
Weylin Tidey,wtidey4q@nps.gov
Stanislaus Morton,smorton4r@sfgate.com
Miriam McKaile,mmckaile4s@symantec.com
Viviene Whissell,vwhissell4t@patch.com
Harlie Duxbury,hduxbury4u@seattletimes.com
Alon Hugueville,ahugueville4v@wisc.edu
Fidole Sandford,fsandford4w@businessweek.com
Gnni Randal,grandal4x@nydailynews.com
Moises Casillis,mcasillis4y@ucla.edu
Damara Giddy,dgiddy4z@furl.net
Betta Dewey,bdewey50@yahoo.co.jp
Janessa Bissett,jbissett51@tamu.edu
Maia Powlesland,mpowlesland52@cnet.com
Henriette Elphinston,helphinston53@go.com
Rosemary Fridaye,rfridaye54@fotki.com
Gunther Eustace,geustace55@tamu.edu
Tobe Martinet,tmartinet56@indiatimes.com
Carny Stemp,cstemp57@tamu.edu
Karrah Kach,kkach58@nydailynews.com
Bliss Hamber,bhamber59@drupal.org
Eada Melby,emelby5a@senate.gov
Cloe Ricardin,cricardin5b@quantcast.com
Pattie Callaby,pcallaby5c@amazon.com
Phelia Cotgrove,pcotgrove5d@over-blog.com
Aila Grishkov,agrishkov5e@adobe.com
Myrtle Rains,mrains5f@comsenz.com
Aeriell McDonagh,amcdonagh5g@fc2.com
Evered Sammes,esammes5h@gov.uk
Gwenni Dowdle,gdowdle5i@fotki.com
Heywood Jarvie,hjarvie5j@noaa.gov
Olly Mallya,omallya5k@omniture.com
Justino Whiteoak,jwhiteoak5l@unc.edu
Doroteya Le Page,dle5m@symantec.com
Ag Hove,ahove5n@people.com.cn
Isak Rippon,irippon5o@google.cn
Livvy Ilewicz,lilewicz5p@newyorker.com
Rip Setterington,rsetterington5q@columbia.edu
Byrann McCann,bmccann5r@dell.com
Allan Rosenkrantz,arosenkrantz5s@altervista.org
Shem Clemmensen,sclemmensen5t@bing.com
Matthaeus Spittle,mspittle5u@latimes.com
Tristan Jovasevic,tjovasevic5v@guardian.co.uk
Bert Squibbes,bsquibbes5w@blogger.com
Jarrett Dungey,jdungey5x@eepurl.com
Stern Yaxley,syaxley5y@sfgate.com
Claresta Tadgell,ctadgell5z@dagondesign.com
Florinda Gaskill,fgaskill60@lulu.com
Emlynn Well,ewell61@usatoday.com
Kellen Arne,karne62@comsenz.com
Marena Ebourne,mebourne63@mit.edu
Quinn Eager,qeager64@jalbum.net
Cori Parzizek,cparzizek65@msu.edu
Rois Lockton,rlockton66@reddit.com
Kitti Duffil,kduffil67@com.com
Tadd Kearey,tkearey68@barnesandnoble.com
Melessa Helliar,mhelliar69@kickstarter.com
Mozes Ingram,mingram6a@typepad.com
Brewster Ivison,bivison6b@amazon.co.uk
Laurence Biddlestone,lbiddlestone6c@meetup.com
Ludwig Guice,lguice6d@shinystat.com
Kenyon Grima,kgrima6e@godaddy.com
Josephine Garnsworthy,jgarnsworthy6f@blogs.com
Flossie Sail,fsail6g@oracle.com
Merlina Rakes,mrakes6h@nih.gov
Lorry Abrashkov,labrashkov6i@epa.gov
Kane Capstake,kcapstake6j@buzzfeed.com
Ruperto Phette,rphette6k@vistaprint.com
Carolynn Dreossi,cdreossi6l@usatoday.com
Rebekah Twomey,rtwomey6m@sciencedirect.com
Liana Brimman,lbrimman6n@cdbaby.com
Archie Neale,aneale6o@washington.edu
Viole McNea,vmcnea6p@japanpost.jp
Jennee Ribeiro,jribeiro6q@pcworld.com
Rafi Armatys,rarmatys6r@dailymail.co.uk
Elayne Crowth,ecrowth6s@mit.edu
Elane Bome,ebome6t@answers.com
Dione Spooner,dspooner6u@umich.edu
Ros Yarrell,ryarrell6v@redcross.org
Susy Trinbey,strinbey6w@apple.com
Quincey Andreassen,qandreassen6x@mail.ru
Stephana Tregenza,stregenza6y@cafepress.com
Anastasia Warret,awarret6z@senate.gov
Kamila Iveans,kiveans70@bloglines.com
Gaye Zollner,gzollner71@google.com.au
Chrystel Salmen,csalmen72@thetimes.co.uk
Currey Stanger,cstanger73@domainmarket.com
Clevie Loftus,cloftus74@ow.ly
Sallee Redemile,sredemile75@alibaba.com
Phedra Josovitz,pjosovitz76@spotify.com
Kinny Goulter,kgoulter77@amazon.com
Mervin Ricoald,mricoald78@blogs.com
Glori Reina,greina79@bbb.org
Tedra Bain,tbain7a@cmu.edu
Fiann Tailour,ftailour7b@tripadvisor.com
Cornell Osmund,cosmund7c@businessweek.com
Boothe Roote,broote7d@deliciousdays.com
Sybil Belchamber,sbelchamber7e@reverbnation.com
Selena Ikringill,sikringill7f@privacy.gov.au
Cullin Darmody,cdarmody7g@jugem.jp
Jena Davis,jdavis7h@mapy.cz
Cyrille Slee,cslee7i@quantcast.com
Gasper Hughson,ghughson7j@msn.com
Brett Gorgen,bgorgen7k@sciencedaily.com
Zorine Bloom,zbloom7l@usda.gov
Alasteir Fyers,afyers7m@twitter.com
Kelli Jeffryes,kjeffryes7n@house.gov
Quincey Jecks,qjecks7o@dmoz.org
Jo-ann Mughal,jmughal7p@typepad.com
Heather Mastrantone,hmastrantone7q@archive.org
Gertrudis Gillow,ggillow7r@mapquest.com
Karissa Pudan,kpudan7s@goodreads.com
Dorita Landrieu,dlandrieu7t@artisteer.com
Mitchel Sidaway,msidaway7u@youtu.be
Vanya Wormleighton,vwormleighton7v@tinyurl.com
Debra Richly,drichly7w@hostgator.com
Roch Wanderschek,rwanderschek7x@sbwire.com
Jerad Ginley,jginley7y@senate.gov
Caroline Stoade,cstoade7z@dmoz.org
Lion Archard,larchard80@guardian.co.uk
Birdie Rendell,brendell81@narod.ru
Joel Lant,jlant82@skyrock.com
Simone Benjamin,sbenjamin83@weather.com
Hedwiga Tipperton,htipperton84@google.es
Danny Uccelli,duccelli85@netvibes.com
Dorree Cathenod,dcathenod86@google.es
Onofredo Potter,opotter87@i2i.jp
Swen Lavis,slavis88@example.com
Joachim Strotone,jstrotone89@state.gov
Ardys Sandal,asandal8a@home.pl
Rickie O'Flannery,roflannery8b@fc2.com
Brittani Goulthorp,bgoulthorp8c@biblegateway.com
Tabby Americi,tamerici8d@tuttocitta.it
Sutherlan Fincher,sfincher8e@meetup.com
Fallon Burkman,fburkman8f@loc.gov
Neddy Donnett,ndonnett8g@noaa.gov
Francene Gayton,fgayton8h@arizona.edu
Lionello Parminter,lparminter8i@quantcast.com
Tucky Derry,tderry8j@reuters.com
Ferdinanda Fasham,ffasham8k@icio.us
Darci Fortman,dfortman8l@a8.net
Eugen Barfield,ebarfield8m@who.int
Ginevra Benjamin,gbenjamin8n@army.mil
Reginauld Clemmey,rclemmey8o@vkontakte.ru
Tanhya Duinkerk,tduinkerk8p@opera.com
Jacques Kuhle,jkuhle8q@topsy.com
Mellisent O'Driscole,modriscole8r@posterous.com
Borden Mulran,bmulran8s@behance.net
Carlye Pimbley,cpimbley8t@mtv.com
Gray Grolmann,ggrolmann8u@t.co
Rozalin Foskett,rfoskett8v@nih.gov
Gertrud Toffanelli,gtoffanelli8w@shutterfly.com
Gustavus Limpricht,glimpricht8x@amazon.co.jp
Odille Crennell,ocrennell8y@mlb.com
Ruy Theaker,rtheaker8z@freewebs.com
Desdemona Stroobant,dstroobant90@soup.io
Missie Thorington,mthorington91@prlog.org
Cathleen Westmore,cwestmore92@deviantart.com
Toby Nazer,tnazer93@nydailynews.com
Sibylle Bottrill,sbottrill94@ihg.com
Benita Turton,bturton95@dell.com
Deloris Brasner,dbrasner96@unc.edu
Gan Postgate,gpostgate97@census.gov
Nicholle Lucio,nlucio98@newsvine.com
Nata Krauze,nkrauze99@merriam-webster.com
Hart Hendron,hhendron9a@gov.uk
Brita Mulholland,bmulholland9b@theatlantic.com
Francesca Parrott,fparrott9c@amazon.co.jp
Shelby Naerup,snaerup9d@geocities.jp
Tarra Timmins,ttimmins9e@facebook.com
Annalee Allibone,aallibone9f@nhs.uk
Haleigh Blakeman,hblakeman9g@4shared.com
Cecil Duigan,cduigan9h@mtv.com
Margy Desport,mdesport9i@themeforest.net
Halie Semarke,hsemarke9j@ezinearticles.com
Dominik Donoher,ddonoher9k@smugmug.com
Olivie Scurrer,oscurrer9l@sohu.com
Cassaundra Gantzman,cgantzman9m@rambler.ru
Vivian Coffelt,vcoffelt9n@elegantthemes.com
Regen Kirsop,rkirsop9o@spiegel.de
Lavena Spoor,lspoor9p@blogger.com
Lilli Vain,lvain9q@dailymail.co.uk
Pablo Purchase,ppurchase9r@tiny.cc
Starlene Solway,ssolway9s@xinhuanet.com
Neila Mildmott,nmildmott9t@umich.edu
Deloria McGarrell,dmcgarrell9u@hibu.com
Emily Kramer,ekramer9v@forbes.com
Viviyan Blundin,vblundin9w@wp.com
Barr Poore,bpoore9x@usa.gov
Masha Marikhin,mmarikhin9y@pinterest.com
Raddy Koppe,rkoppe9z@guardian.co.uk
Melosa Benettini,mbenettinia0@ftc.gov
Cletus Grellier,cgrelliera1@toplist.cz
Bondon Wooder,bwoodera2@themeforest.net
Thadeus Andriulis,tandriulisa3@state.tx.us
Lorens Ferryman,lferrymana4@dedecms.com
Welsh Headford,wheadforda5@ox.ac.uk
Tilly Younghusband,tyounghusbanda6@skyrock.com
Blake Sargent,bsargenta7@mail.ru
Arabelle Hurtic,ahurtica8@furl.net
Saunderson Martynka,smartynkaa9@engadget.com
Dix Belding,dbeldingaa@yale.edu
Tish Nowell,tnowellab@360.cn
Augustine Pardal,apardalac@dailymotion.com
Emmey Crecy,ecrecyad@discovery.com
Brade Costan,bcostanae@examiner.com
Arlan Rizzini,arizziniaf@yellowbook.com
Arne Garlette,agarletteag@mit.edu
Esdras Betty,ebettyah@delicious.com
Innis Kybbye,ikybbyeai@blogger.com
Arin Annice,aanniceaj@about.me
Sharai Leppington,sleppingtonak@wiley.com
Sandye Comelini,scomelinial@privacy.gov.au
Toby Whimpenny,twhimpennyam@si.edu
Cristiano Harder,charderan@sogou.com
Odele Proudlock,oproudlockao@ft.com
Atlante Lingley,alingleyap@artisteer.com
Simmonds Dragoe,sdragoeaq@illinois.edu
Claudian Cartlidge,ccartlidgear@google.pl
Hobey Schwant,hschwantas@apache.org
Alon Labrone,alabroneat@vistaprint.com
Tanya McCrisken,tmccriskenau@cisco.com
Thia Eymor,teymorav@de.vu
Caspar Matthesius,cmatthesiusaw@timesonline.co.uk
Afton Strang,astrangax@ezinearticles.com
Happy Duley,hduleyay@topsy.com
Pet Cruce,pcruceaz@surveymonkey.com
Tana Sach,tsachb0@delicious.com
Lenna Bradtke,lbradtkeb1@illinois.edu
Siusan McReynolds,smcreynoldsb2@sourceforge.net
Andrea Jurzyk,ajurzykb3@cmu.edu
Basile Bernardoux,bbernardouxb4@yahoo.co.jp
Reese Petyanin,rpetyaninb5@jigsy.com
Carce Gunton,cguntonb6@washingtonpost.com
Amelina Borzone,aborzoneb7@dot.gov
Lucien Murr,lmurrb8@bandcamp.com
Shayne Alvarez,salvarezb9@networksolutions.com
Nari Matushenko,nmatushenkoba@abc.net.au
Kaitlynn Clynmans,kclynmansbb@cpanel.net
Meridith Peterffy,mpeterffybc@mapquest.com
Chrissie Burman,cburmanbd@squidoo.com
Marlow Flaonier,mflaonierbe@simplemachines.org
Carmel Hillett,chillettbf@spotify.com
Cynde Skatcher,cskatcherbg@fastcompany.com
Afton Bausmann,abausmannbh@macromedia.com
Genovera McCahey,gmccaheybi@csmonitor.com
Brade Clinkard,bclinkardbj@engadget.com
Constancia Feldmann,cfeldmannbk@cafepress.com
Maiga MacArthur,mmacarthurbl@tiny.cc
Scotti Idiens,sidiensbm@thetimes.co.uk
Amandi Packham,apackhambn@japanpost.jp
Emanuele Scawn,escawnbo@epa.gov
Catina Dubble,cdubblebp@latimes.com
Andres Siviter,asiviterbq@hexun.com
Kala Poynor,kpoynorbr@aol.com
Alicea Ashforth,aashforthbs@yale.edu
Kingsley Hartless,khartlessbt@opensource.org
Mickie Godfrey,mgodfreybu@cafepress.com
Nehemiah Cheyne,ncheynebv@instagram.com
Zacherie Djorevic,zdjorevicbw@tuttocitta.it
Mitzi Rosita,mrositabx@flavors.me
Aurelea Strutt,astruttby@sitemeter.com
Enrika De Vaux,edebz@oaic.gov.au
Ab Luckman,aluckmanc0@quantcast.com
Alair Vigus,avigusc1@uol.com.br
Krystal Alessandretti,kalessandrettic2@livejournal.com
Loren Matussevich,lmatussevichc3@google.de
Hillyer Davenhill,hdavenhillc4@dot.gov
Minni Mussolini,mmussolinic5@eventbrite.com
Mikael Kornalik,mkornalikc6@lulu.com
Peirce Giacovetti,pgiacovettic7@tripod.com
Worden Rodway,wrodwayc8@domainmarket.com
Isador Mottram,imottramc9@yandex.ru
Farrel Culpen,fculpenca@list-manage.com
Livvie Eul,leulcb@hp.com
Selig Brandenberg,sbrandenbergcc@springer.com
Olivia Stollsteiner,ostollsteinercd@over-blog.com
Lowrance Howatt,lhowattce@loc.gov
Jory Hully,jhullycf@freewebs.com
Colette Skermer,cskermercg@lycos.com
Cecile Henighan,chenighanch@soup.io
Keefe O'Connell,koconnellci@nsw.gov.au
Ivette Stockley,istockleycj@miitbeian.gov.cn
Kerianne Atcock,katcockck@alibaba.com
Biddie Depka,bdepkacl@phoca.cz
Dacia Gulston,dgulstoncm@amazon.com
Lorrie Aartsen,laartsencn@economist.com
Lukas Rideout,lrideoutco@mail.ru
Kerrie Neno,knenocp@1und1.de
Valida Trehearn,vtrehearncq@theglobeandmail.com
Gabey Emmert,gemmertcr@photobucket.com
Celestyn Baffin,cbaffincs@hibu.com
Marketa Corbally,mcorballyct@ft.com
Darbee Tomaskunas,dtomaskunascu@businessweek.com
Corette Farnhill,cfarnhillcv@accuweather.com
Pascal Meconi,pmeconicw@wired.com
Tremayne Feighry,tfeighrycx@ucoz.com
Saraann Spini,sspinicy@aboutads.info
Riki Dreakin,rdreakincz@creativecommons.org
Berke Mougeot,bmougeotd0@soup.io
Nadean Cheevers,ncheeversd1@theglobeandmail.com
Fidela Gantz,fgantzd2@home.pl
Colman Jahn,cjahnd3@e-recht24.de
Shelly Tapenden,stapendend4@mit.edu
Armin Simco,asimcod5@tuttocitta.it
Audrie Birchwood,abirchwoodd6@hostgator.com
Kermit Landor,klandord7@mashable.com
Beverley Mundwell,bmundwelld8@vk.com
Charil Flello,cflellod9@google.ca
Alta Hartigan,ahartiganda@ebay.com
Antonin Cominetti,acominettidb@nbcnews.com
Doroteya Gaddas,dgaddasdc@i2i.jp
Alan Follan,afollandd@dropbox.com
Gratiana Gwillyam,ggwillyamde@people.com.cn
Dorelia Greim,dgreimdf@wired.com
Delora Pecht,dpechtdg@zimbio.com
Lombard Bertomier,lbertomierdh@netscape.com
Andrea Tomas,atomasdi@sbwire.com
Sabina Issitt,sissittdj@mapy.cz
Rori Barizeret,rbarizeretdk@paypal.com
Elspeth Carnihan,ecarnihandl@php.net
Jolyn Skurm,jskurmdm@slashdot.org
Roxanne Mannakee,rmannakeedn@yellowbook.com
Marion Hause,mhausedo@4shared.com
Marian Duthy,mduthydp@icq.com
Di Buie,dbuiedq@ameblo.jp
Sibylla Kirkman,skirkmandr@upenn.edu
Gabie Craxford,gcraxfordds@linkedin.com
Kelcey Schistl,kschistldt@instagram.com
Mada Swanson,mswansondu@behance.net
Ev Letson,eletsondv@columbia.edu
Arnie Trevon,atrevondw@dyndns.org
Elga Saladin,esaladindx@a8.net
Con Baress,cbaressdy@vinaora.com
Marion Ovendon,movendondz@squarespace.com
Corey Ebbing,cebbinge0@kickstarter.com
Dar Penner,dpennere1@nydailynews.com
Farlie Starten,fstartene2@nytimes.com
Alasdair Hiddy,ahiddye3@altervista.org
Ade Schreiner,aschreinere4@wikispaces.com
Hyatt O'Nion,honione5@technorati.com
Gradeigh Wasielewicz,gwasielewicze6@ox.ac.uk
Deny Lemoir,dlemoire7@linkedin.com
Ardelis Tewnion,atewnione8@simplemachines.org
Morry Brech,mbreche9@utexas.edu
Mella Simononsky,msimononskyea@ucoz.ru
Agata Gouda,agoudaeb@jiathis.com
Alexandre Flaherty,aflahertyec@photobucket.com
Brinn Letten,blettened@cloudflare.com
Shelia Iskowicz,siskowiczee@washingtonpost.com
Minor Wombwell,mwombwellef@wikimedia.org
Pattie Greedy,pgreedyeg@dell.com
Tiler Whitsun,twhitsuneh@hao123.com
Marietta Fisbburne,mfisbburneei@soundcloud.com
Gerry Edmonds,gedmondsej@mashable.com
Ericka Blankenship,eblankenshipek@google.cn
Gracia Garshore,ggarshoreel@berkeley.edu
Layton Slogrove,lslogroveem@ustream.tv
Morly Patrickson,mpatricksonen@yahoo.com
Cris Gresswood,cgresswoodeo@un.org
Cecilla Symcox,csymcoxep@geocities.com
Porter Paolini,ppaolinieq@desdev.cn
Yulma Schwerin,yschweriner@nih.gov
Beverly Burgill,bburgilles@4shared.com
Mathias Wesson,mwessonet@slate.com
Tommy Harbert,tharberteu@bbb.org
Frederigo Frowing,ffrowingev@salon.com
Pieter Slayford,pslayfordew@oaic.gov.au
Pate Gendrich,pgendrichex@hud.gov
Randee Kelwaybamber,rkelwaybamberey@canalblog.com
Retha Kadwallider,rkadwalliderez@networksolutions.com
Jackie Ferandez,jferandezf0@newyorker.com
Denys Gatherell,dgatherellf1@europa.eu
Kingsly McNeachtain,kmcneachtainf2@nhs.uk
Markus Aartsen,maartsenf3@furl.net
Zorah Scawton,zscawtonf4@google.co.uk
Dion Gumley,dgumleyf5@arstechnica.com
Frederica Penas,fpenasf6@irs.gov
Bethina Grabiec,bgrabiecf7@boston.com
Koralle Verriour,kverriourf8@paginegialle.it
Meara Roskruge,mroskrugef9@domainmarket.com
Seymour Arblaster,sarblasterfa@nps.gov
Jamie Ivancevic,jivancevicfb@washington.edu
Ardis Footer,afooterfc@eventbrite.com
Grantley McKevitt,gmckevittfd@i2i.jp
Emmanuel Fyndon,efyndonfe@rediff.com
Goran Fronsek,gfronsekff@clickbank.net
Brigg Rennox,brennoxfg@engadget.com
Stacy Malarkey,smalarkeyfh@yelp.com
Georgine Rosenfrucht,grosenfruchtfi@nih.gov
Ado Townson,atownsonfj@liveinternet.ru
Nanice Barribal,nbarribalfk@miitbeian.gov.cn
Seana Lenden,slendenfl@weibo.com
Trix De Mattia,tdefm@sourceforge.net
Mel Roman,mromanfn@is.gd
Chucho Burchmore,cburchmorefo@alibaba.com
Debra Greatrex,dgreatrexfp@soundcloud.com
Antoni Avis,aavisfq@ocn.ne.jp
Christian Stoyles,cstoylesfr@netvibes.com
Arthur Eddington,aeddingtonfs@wsj.com
Harp Keen,hkeenft@nature.com
Helge Pilsworth,hpilsworthfu@slate.com
Cindee Lakeland,clakelandfv@godaddy.com
Derwin Rusling,druslingfw@domainmarket.com
Lira Ellington,lellingtonfx@is.gd
Minna Uttermare,muttermarefy@umn.edu
Malvin Bibby,mbibbyfz@hao123.com
Normy Westman,nwestmang0@photobucket.com
Helli Linne,hlinneg1@elpais.com
Kalindi Fallowes,kfallowesg2@ovh.net
Blakeley Mabbs,bmabbsg3@noaa.gov
Amery Linnane,alinnaneg4@kickstarter.com
Susanetta Goodison,sgoodisong5@pagesperso-orange.fr
Kathryne Collomosse,kcollomosseg6@businessweek.com
Almeta Strowther,astrowtherg7@gnu.org
Riannon Lebbern,rlebberng8@unesco.org
Tull Maunsell,tmaunsellg9@disqus.com
Tracy Addionisio,taddionisioga@howstuffworks.com
Crystal Ingledow,cingledowgb@g.co
Imogen Blackhall,iblackhallgc@joomla.org
Eldridge Guidera,eguideragd@berkeley.edu
Courtney Becken,cbeckenge@jalbum.net
Meriel Fairfull,mfairfullgf@over-blog.com
Winfield Crickmoor,wcrickmoorgg@acquirethisname.com
Julee Dymott,jdymottgh@examiner.com
Jeralee Peacham,jpeachamgi@flickr.com
Florella Spens,fspensgj@guardian.co.uk
Glory Chat,gchatgk@blogger.com
Crin Hayworth,chayworthgl@woothemes.com
Pet Bisp,pbispgm@icq.com
Neile Harridge,nharridgegn@linkedin.com
Bernadene Cicullo,bcicullogo@nationalgeographic.com
Nessi Jodlkowski,njodlkowskigp@auda.org.au
Gaby Vasenkov,gvasenkovgq@fastcompany.com
Arnold Toppin,atoppingr@simplemachines.org
Sarena Nobles,snoblesgs@godaddy.com
Quinta Stiger,qstigergt@seesaa.net
Andie Pilling,apillinggu@oracle.com
Audrey O'Kuddyhy,aokuddyhygv@psu.edu
Bertrand Agglione,bagglionegw@scientificamerican.com
Jonis Gowing,jgowinggx@boston.com
Johan Smalley,jsmalleygy@xinhuanet.com
Grange Sirr,gsirrgz@diigo.com
Johnna Mishaw,jmishawh0@chronoengine.com
Jewel Ducker,jduckerh1@newsvine.com
Dru O'Toole,dotooleh2@chronoengine.com
Elwyn Hinemoor,ehinemoorh3@theatlantic.com
York Schlagman,yschlagmanh4@springer.com
Dolf Budding,dbuddingh5@guardian.co.uk
Danna Mulbery,dmulberyh6@sfgate.com
Liesa Blazek,lblazekh7@instagram.com
Shelagh Atwood,satwoodh8@cnn.com
Simmonds Vedyashkin,svedyashkinh9@prlog.org
Marianne Dymock,mdymockha@diigo.com
Evered Yushin,eyushinhb@parallels.com
Serena Pablos,spabloshc@so-net.ne.jp
Esdras Reolfi,ereolfihd@slashdot.org
Brenden Hunting,bhuntinghe@wufoo.com
Moe Yapp,myapphf@dedecms.com
Karl Cobbin,kcobbinhg@msn.com
Clarinda Giacovetti,cgiacovettihh@princeton.edu
Willetta Thirwell,wthirwellhi@dailymotion.com
Daisie McKeighen,dmckeighenhj@microsoft.com
Skyler Jeandin,sjeandinhk@uol.com.br
Marlie McCreagh,mmccreaghhl@github.com
Liuka Jerdein,ljerdeinhm@gov.uk
Reyna O'Rowane,rorowanehn@forbes.com
Mignonne Hatley,mhatleyho@wordpress.org
Keelia Wilacot,kwilacothp@com.com
Josie Oldroyde,joldroydehq@alexa.com
Wallis Sinncock,wsinncockhr@stumbleupon.com
Emelina Skypp,eskypphs@washingtonpost.com
Efrem Melly,emellyht@gov.uk
Manda Vina,mvinahu@wikimedia.org
Denver Yarrow,dyarrowhv@plala.or.jp
Aggi Yearnes,ayearneshw@salon.com
Aileen Flower,aflowerhx@pen.io
Isadore Broadhead,ibroadheadhy@feedburner.com
Percy Clewarth,pclewarthhz@fotki.com
Bruce Parres,bparresi0@sphinn.com
Johanna Chapleo,jchapleoi1@stumbleupon.com
Chadd Bernardot,cbernardoti2@harvard.edu
Jefferson Yexley,jyexleyi3@accuweather.com
Bethena Houliston,bhoulistoni4@thetimes.co.uk
Yankee Crean,ycreani5@nhs.uk
Annetta Duggen,aduggeni6@intel.com
Wayland Tarbard,wtarbardi7@live.com
Warren Fisbey,wfisbeyi8@wsj.com
Sallie Krol,skroli9@jimdo.com
Hussein Allewell,hallewellia@tinyurl.com
Trisha Boddy,tboddyib@cnbc.com
Pietrek Seed,pseedic@gizmodo.com
Eleanore Josephi,ejosephiid@ning.com
Hillery Pentland,hpentlandie@nymag.com
Melisent Eads,meadsif@wunderground.com
Jillian Gatchel,jgatchelig@pagesperso-orange.fr
Katuscha Sibbs,ksibbsih@squarespace.com
Amelie Stapleton,astapletonii@bigcartel.com
Cindy MacMaster,cmacmasterij@webs.com
Glenda Kleiner,gkleinerik@seesaa.net
Tiffani Peoples,tpeoplesil@cbc.ca
Isobel Ryton,irytonim@360.cn
Tamiko Wattins,twattinsin@multiply.com
Birch Titherington,btitheringtonio@google.com.br
Duffie Needham,dneedhamip@opensource.org
Ruthie Beards,rbeardsiq@weebly.com
Nealon Warby,nwarbyir@geocities.jp
Liuka Biggadyke,lbiggadykeis@java.com
Amalle Emslie,aemslieit@51.la
Marshall Behr,mbehriu@answers.com
Ethyl McKibbin,emckibbiniv@blinklist.com
Fulvia MacCafferky,fmaccafferkyiw@dropbox.com
Artie O'Canavan,aocanavanix@lycos.com
Sandor McKeller,smckelleriy@berkeley.edu
Cassi Ranahan,cranahaniz@eepurl.com
Hansiain Janous,hjanousj0@accuweather.com
Chandler Pilling,cpillingj1@google.ru
Dorri Hendricks,dhendricksj2@plala.or.jp
Raymond Hutton,rhuttonj3@latimes.com
Shaine Raphael,sraphaelj4@cocolog-nifty.com
Caroljean Francescone,cfrancesconej5@google.de
Berti Wehner,bwehnerj6@1688.com
Beverie Rudall,brudallj7@google.pl
Matthieu Ebourne,mebournej8@macromedia.com
Helli Rossborough,hrossboroughj9@geocities.jp
Neil Fewings,nfewingsja@cocolog-nifty.com
Naoma Binding,nbindingjb@ucla.edu
Ora Filipiak,ofilipiakjc@tripadvisor.com
Weylin Kail,wkailjd@mac.com
Joana Ricciardello,jricciardelloje@yandex.ru
Lira Kliement,lkliementjf@foxnews.com
Morna Chastanet,mchastanetjg@google.co.uk
Isa Bellanger,ibellangerjh@about.me
Blondy Gunther,bguntherji@pbs.org
Claudell O'Day,codayjj@flickr.com
Verine Halfacree,vhalfacreejk@mozilla.org
Webster Senior,wseniorjl@mail.ru
Eran Pernell,epernelljm@berkeley.edu
Agna Loach,aloachjn@opera.com
Jacklyn Kedslie,jkedsliejo@topsy.com
Margeaux Biswell,mbiswelljp@mysql.com
Kinnie Newman,knewmanjq@i2i.jp
Ban Dougal,bdougaljr@ft.com
Hatti Biddleston,hbiddlestonjs@hud.gov
Maureen Ashness,mashnessjt@exblog.jp
Karena Kinker,kkinkerju@nasa.gov
Dev Ellwell,dellwelljv@google.it
Oswald Jost,ojostjw@paginegialle.it
Aurie Boncoeur,aboncoeurjx@symantec.com
Mack Dursley,mdursleyjy@marriott.com
Laney Phebey,lphebeyjz@histats.com
Molly Dungee,mdungeek0@xinhuanet.com
Jedidiah Bohlens,jbohlensk1@tmall.com
Cozmo Impey,cimpeyk2@smugmug.com
Erwin Faucett,efaucettk3@geocities.jp
Korie Rowlstone,krowlstonek4@admin.ch
Coletta Pillington,cpillingtonk5@freewebs.com
Cathlene De Ambrosis,cdek6@usda.gov
Chic Braden,cbradenk7@ehow.com
Sander Ferrucci,sferruccik8@bizjournals.com
Rafa Corsham,rcorshamk9@sakura.ne.jp
Drusy Beentjes,dbeentjeska@zdnet.com
Wini Dalton,wdaltonkb@spiegel.de
Toiboid McCowan,tmccowankc@vinaora.com
Wat Blood,wbloodkd@stumbleupon.com
Iolanthe Smedmoor,ismedmoorke@cisco.com
Karin Poynter,kpoynterkf@flavors.me
Moll Braunton,mbrauntonkg@vistaprint.com
Paul Lean,pleankh@whitehouse.gov
Donny Benoy,dbenoyki@illinois.edu
Tadd Cressar,tcressarkj@omniture.com
Drucill Flicker,dflickerkk@uiuc.edu
Rice McIlmorow,rmcilmorowkl@wired.com
Vi Cousens,vcousenskm@bloglines.com
Verge Siverns,vsivernskn@friendfeed.com
Thedrick Dryden,tdrydenko@cpanel.net
Betteanne Drury,bdrurykp@ihg.com
Daile Klulicek,dklulicekkq@cargocollective.com
Mandie Peaurt,mpeaurtkr@t-online.de
Frederique Bortoloni,fbortoloniks@nytimes.com
Dwayne Klasing,dklasingkt@ucla.edu
Shelley Spark,ssparkku@oaic.gov.au
Filmer Halleday,fhalledaykv@amazon.de
Blake Simo,bsimokw@indiatimes.com
Dietrich Bennedick,dbennedickkx@twitpic.com
Cassy Tyhurst,ctyhurstky@merriam-webster.com
Tulley Rawcliffe,trawcliffekz@statcounter.com
Austen Sipson,asipsonl0@amazon.de
Sylas Lowle,slowlel1@businesswire.com
Delores Potteridge,dpotteridgel2@paypal.com
Austin Malpass,amalpassl3@wikispaces.com
Valli Pattington,vpattingtonl4@comcast.net
Gretal Taberner,gtabernerl5@ifeng.com
Cassie Dowbiggin,cdowbigginl6@princeton.edu
Evangelin Kift,ekiftl7@irs.gov
Vicki Este,vestel8@dell.com
Cinda Stanbridge,cstanbridgel9@jimdo.com
Josey Aneley,janeleyla@usa.gov
Willa Grimmolby,wgrimmolbylb@symantec.com
Alisun Kirrens,akirrenslc@issuu.com
Charita Aldam,caldamld@columbia.edu
Gerry Strode,gstrodele@hhs.gov
Cairistiona Penner,cpennerlf@ihg.com
Curt Kubica,ckubicalg@seattletimes.com
Antonin Trineman,atrinemanlh@salon.com
Raymund Ellershaw,rellershawli@apache.org
Rice Bibey,rbibeylj@usnews.com
Belva Laddle,bladdlelk@bandcamp.com
Dorelia Newberry,dnewberryll@irs.gov
Tobe Tewelson,ttewelsonlm@behance.net
Murdock Paula,mpaulaln@diigo.com
Sidoney Turfitt,sturfittlo@webs.com
Kahlil Timothy,ktimothylp@businesswire.com
Wilton Divine,wdivinelq@wufoo.com
Helene Baggiani,hbaggianilr@360.cn
Joana Guerrin,jguerrinls@slideshare.net
Karol Dalliwatr,kdalliwatrlt@comsenz.com
Claretta Cadle,ccadlelu@t-online.de
Lester Bridgwood,lbridgwoodlv@webeden.co.uk
Harman Dionisi,hdionisilw@marriott.com
Dorelia Moorhouse,dmoorhouselx@washington.edu
Frannie Pitcher,fpitcherly@un.org
Siward Askam,saskamlz@shop-pro.jp
Newton Wathan,nwathanm0@ehow.com
Linc Riby,lribym1@pinterest.com
Gare Batrim,gbatrimm2@scientificamerican.com
Laura Crutchfield,lcrutchfieldm3@indiegogo.com
Cecelia Eyles,ceylesm4@360.cn
Hillary Laneham,hlanehamm5@cnbc.com
Erasmus Sam,esamm6@prnewswire.com
Sonni Lyles,slylesm7@wired.com
Robbyn Vanichkin,rvanichkinm8@xinhuanet.com
Shantee Frise,sfrisem9@va.gov
Allison Simukov,asimukovma@macromedia.com
Celinda Camsey,ccamseymb@spotify.com
Ronica McConigal,rmcconigalmc@hatena.ne.jp
Kelcy Domnick,kdomnickmd@netlog.com
Wheeler Innocenti,winnocentime@omniture.com
Dimitri Lockier,dlockiermf@reference.com
Jayme Bauer,jbauermg@1und1.de
Creighton Coulthurst,ccoulthurstmh@flavors.me
Cosetta Cumberledge,ccumberledgemi@fda.gov
Nanete Graben,ngrabenmj@shareasale.com
Nola Fosserd,nfosserdmk@google.co.jp
Fredra MacMeanma,fmacmeanmaml@geocities.jp
Cherise Mohamed,cmohamedmm@nih.gov
Nataniel Duprey,ndupreymn@sciencedirect.com
Lorilee Olczak,lolczakmo@phpbb.com
Maxie McLelland,mmclellandmp@prweb.com
Faith Bavidge,fbavidgemq@unc.edu
Perice Ferne,pfernemr@tiny.cc
Binni Stonard,bstonardms@utexas.edu
Angelle Renne,arennemt@vistaprint.com
Lucas Kill,lkillmu@hhs.gov
Jeramey McLevie,jmcleviemv@nasa.gov
Homer Megany,hmeganymw@lycos.com
Essy Towhey,etowheymx@flavors.me
Richard Paolini,rpaolinimy@ycombinator.com
Joana Gosland,jgoslandmz@geocities.jp
Hope Nolder,hnoldern0@purevolume.com
Mayor Munslow,mmunslown1@cyberchimps.com
Dall Fronks,dfronksn2@chronoengine.com
Sarena Tumbelty,stumbeltyn3@icq.com
Erda Farden,efardenn4@virginia.edu
Neilla Wyman,nwymann5@bbb.org
Ralf Diggle,rdigglen6@google.cn
Rheba Marple,rmarplen7@sitemeter.com
Marshal Winteringham,mwinteringhamn8@army.mil
Dalis Bovis,dbovisn9@yale.edu
Aaren Dodman,adodmanna@posterous.com
Lesly Danjoie,ldanjoienb@abc.net.au
Teddy Andreichik,tandreichiknc@gov.uk
Noak Meltetal,nmeltetalnd@csmonitor.com
Tobiah Brugmann,tbrugmannne@independent.co.uk
Esdras Beardwell,ebeardwellnf@cnn.com
Celestina Towll,ctowllng@webnode.com
Cris Capnerhurst,ccapnerhurstnh@yellowbook.com
June MacKeever,jmackeeverni@homestead.com
Zandra Townley,ztownleynj@aol.com
Sid Cantillon,scantillonnk@mac.com
Margeaux Syalvester,msyalvesternl@uiuc.edu
Abbey Skelington,askelingtonnm@sourceforge.net
Bathsheba Chieco,bchieconn@uol.com.br
Filip Ceci,fcecino@nsw.gov.au
Griffith Worster,gworsternp@w3.org
Juliane Sivyer,jsivyernq@dyndns.org
Benyamin Butter,bbutternr@opera.com
Samantha Simounet,ssimounetns@springer.com
Callie McVeighty,cmcveightynt@scientificamerican.com
Carline Rubbens,crubbensnu@businesswire.com
Emmit Felipe,efelipenv@cisco.com
Ivette Boow,iboownw@unc.edu
Aldo Kuschek,akuscheknx@patch.com
Selma Balston,sbalstonny@blinklist.com
Jenda Skillings,jskillingsnz@mashable.com
Maurise Scrivin,mscrivino0@foxnews.com
Carver Fearneley,cfearneleyo1@nature.com
Odey Corrie,ocorrieo2@weather.com
Karolina Matchell,kmatchello3@vkontakte.ru
Marie-ann Ronan,mronano4@1und1.de
Norry Stanyan,nstanyano5@dagondesign.com
Florenza Enticknap,fenticknapo6@creativecommons.org
Fredi Baldacchi,fbaldacchio7@ycombinator.com
Hedi Durden,hdurdeno8@goodreads.com
Myrtice Goundsy,mgoundsyo9@washingtonpost.com
Dennie Wilder,dwilderoa@wikimedia.org
Nels Jackling,njacklingob@mashable.com
Brietta Ivashkin,bivashkinoc@digg.com
Leoline Caron,lcaronod@nhs.uk
Maddi Deyenhardt,mdeyenhardtoe@nasa.gov
Glyn Dorber,gdorberof@nifty.com
Maggee Tallant,mtallantog@techcrunch.com
Valdemar Schutze,vschutzeoh@bluehost.com
Stoddard Durdan,sdurdanoi@weather.com
Ad Raitt,araittoj@ebay.com
Filippa Villiers,fvilliersok@photobucket.com
Zonda Swapp,zswappol@sitemeter.com
Millard Crewe,mcreweom@ustream.tv
Wood Moyers,wmoyerson@bizjournals.com
Zarla Ferro,zferrooo@typepad.com
Rose Lackham,rlackhamop@alibaba.com
Tammi Ranger,trangeroq@google.nl
Larry Leger,llegeror@squidoo.com
Dukie Nickell,dnickellos@lycos.com
Allen Signori,asignoriot@ebay.co.uk
Audre Pestor,apestorou@uiuc.edu
Augustina Frewer,afrewerov@timesonline.co.uk
Silva Swateridge,sswateridgeow@yolasite.com
Cris Scarbarrow,cscarbarrowox@newsvine.com
Selie Gullan,sgullanoy@go.com
Drew Danson,ddansonoz@nymag.com
Lilia Seckom,lseckomp0@google.cn
Amity Clymo,aclymop1@diigo.com
Florance Hebborne,fhebbornep2@yahoo.com
Bernadene Spenton,bspentonp3@independent.co.uk
Jordana Hegge,jheggep4@booking.com
Claudell Jarvie,cjarviep5@loc.gov
Bard Oliphand,boliphandp6@histats.com
Emelina Gillbanks,egillbanksp7@vk.com
Chrissy Leversuch,cleversuchp8@upenn.edu
Tripp Bowlas,tbowlasp9@digg.com
Stanwood Glavis,sglavispa@163.com
Jermaine Richardon,jrichardonpb@economist.com
Bealle Taillard,btaillardpc@tuttocitta.it
Kaitlynn Lawranson,klawransonpd@theguardian.com
Risa Lampbrecht,rlampbrechtpe@jiathis.com
Chas Diggell,cdiggellpf@homestead.com
Timoteo Bayldon,tbayldonpg@shop-pro.jp
Doll MacTavish,dmactavishph@comcast.net
Silvain MacCostigan,smaccostiganpi@linkedin.com
Kristan Blofield,kblofieldpj@amazon.com
Bartholemy Follet,bfolletpk@accuweather.com
Windy Eschalette,weschalettepl@linkedin.com
Archaimbaud Lohde,alohdepm@opensource.org
Maryanna Glowach,mglowachpn@gmpg.org
Claudie MacDearmid,cmacdearmidpo@mozilla.org
Amye Capstack,acapstackpp@huffingtonpost.com
Nelia Watkiss,nwatkisspq@samsung.com
Eada MacAne,emacanepr@wikipedia.org
Levy Mutton,lmuttonps@so-net.ne.jp
Enoch Wiffen,ewiffenpt@discovery.com
Edeline Ilyushkin,eilyushkinpu@arizona.edu
Ethe Newcom,enewcompv@etsy.com
Ossie De Gogay,odepw@sciencedirect.com
Tracy Neeson,tneesonpx@ovh.net
Erina Nials,enialspy@ask.com
Lennie McPharlain,lmcpharlainpz@nba.com
Tobi Jachimczak,tjachimczakq0@java.com
Nedda Svanetti,nsvanettiq1@tripadvisor.com
Cris Dran,cdranq2@cbslocal.com
Rosemary Pollastrone,rpollastroneq3@newyorker.com
Belicia Heibl,bheiblq4@statcounter.com
Gwenore Kermannes,gkermannesq5@netvibes.com
Anni Wollers,awollersq6@google.co.uk
Geno Maven,gmavenq7@odnoklassniki.ru
Kamillah Dorcey,kdorceyq8@home.pl
Lucais Scammonden,lscammondenq9@soundcloud.com
Hilario Reddle,hreddleqa@berkeley.edu
Ulysses Finley,ufinleyqb@buzzfeed.com
Dallas Bandey,dbandeyqc@dedecms.com
Ingrid Loughren,iloughrenqd@paypal.com
Adele Eppson,aeppsonqe@tripadvisor.com
Keriann Phillis,kphillisqf@wordpress.org
Vassily Thaim,vthaimqg@ifeng.com
Stella Carnson,scarnsonqh@last.fm
Caterina Kelston,ckelstonqi@slashdot.org
Cullie Grainge,cgraingeqj@time.com
Keir Crewdson,kcrewdsonqk@google.it
Livia Meaton,lmeatonql@cargocollective.com
Claribel Kolczynski,ckolczynskiqm@boston.com
Millard Paoloni,mpaoloniqn@springer.com
Corabella O'Dooghaine,codooghaineqo@digg.com
Christabella Bute,cbuteqp@mozilla.com
Merissa Austick,maustickqq@wix.com
Robbie Romei,rromeiqr@angelfire.com
Larine Filipputti,lfilipputtiqs@theguardian.com
Darrel Heathorn,dheathornqt@spiegel.de
Wyndham Degue,wdeguequ@utexas.edu
Josy Beadle,jbeadleqv@dell.com
Uriel Roseaman,uroseamanqw@ucoz.com
Ernesto Dobrowolski,edobrowolskiqx@unc.edu
Calhoun Ettels,cettelsqy@merriam-webster.com
Meagan Merck,mmerckqz@usatoday.com
Arlina Corstorphine,acorstorphiner0@xing.com
Jorey Linscott,jlinscottr1@edublogs.org
Benedicto Robak,brobakr2@hao123.com
Ann-marie Manes,amanesr3@simplemachines.org
Pascale Griffitts,pgriffittsr4@sakura.ne.jp
Buddy Rouff,brouffr5@rediff.com
Brittany Billham,bbillhamr6@unesco.org
Raoul Zuanelli,rzuanellir7@umn.edu
Sibel Kleine,skleiner8@virginia.edu
Debi Woodrooffe,dwoodrooffer9@statcounter.com
Mahmud Booij,mbooijra@businessinsider.com
Wolfy Bodesson,wbodessonrb@senate.gov
Eilis Braybrookes,ebraybrookesrc@issuu.com
Lon Geillier,lgeillierrd@tmall.com
Guthrey Burbage,gburbagere@apache.org
Marve Kloster,mklosterrf@ft.com
Norry Ritmeyer,nritmeyerrg@tinypic.com
Cherri Wynne,cwynnerh@free.fr
Lisabeth Shard,lshardri@discuz.net
Masha Sneath,msneathrj@etsy.com
Marie Offell,moffellrk@uol.com.br
Gwendolen McGerr,gmcgerrrl@squarespace.com
Dorolisa Stodit,dstoditrm@yelp.com
Creigh Samwaye,csamwayern@mozilla.com
Arvin Hardman,ahardmanro@alexa.com
Jackson Mosby,jmosbyrp@nih.gov
Hew Beckham,hbeckhamrq@icio.us
Wheeler McWhannel,wmcwhannelrr@fotki.com
