ime,email
Freddie Woodier,fwoodier0@deliciousdays.com
Herschel Penson,hpenson1@phoca.cz
Elwyn McNickle,emcnickle2@jimdo.com
Celeste Willars,cwillars3@twitter.com
Torrey Klemps,tklemps4@apple.com
Hamish Caraher,hcaraher5@chron.com
Edwin Dryburgh,edryburgh6@guardian.co.uk
Marchall Briance,mbriance7@theguardian.com
Amandie Life,alife8@artisteer.com
Ber McAree,bmcaree9@miibeian.gov.cn
Marji Abbatucci,mabbatuccia@addthis.com
Cad Dibling,cdiblingb@chron.com
Craig Francescuzzi,cfrancescuzzic@dedecms.com
Merrill Guerre,mguerred@amazon.co.uk
Ettie Patise,epatisee@phoca.cz
Jo-ann Charpin,jcharpinf@exblog.jp
Breena Cramp,bcrampg@miitbeian.gov.cn
Franni Chaffyn,fchaffynh@who.int
Blane Erington,beringtoni@youtu.be
Cordi Coen,ccoenj@arizona.edu
Libbey Mallord,lmallordk@techcrunch.com
Ophelie Defont,odefontl@blogtalkradio.com
Irita Corish,icorishm@shutterfly.com
Tessa Redholls,tredhollsn@oracle.com
Iseabal Stopp,istoppo@flickr.com
Eddi Muglestone,emuglestonep@imdb.com
Jehanna Braddock,jbraddockq@posterous.com
Hugues Nerger,hnergerr@chronoengine.com
Andriana Epton,aeptons@homestead.com
Brandie Reuben,breubent@weather.com
Boycey Krammer,bkrammeru@wix.com
Isabella Pampling,ipamplingv@ca.gov
Josi Wedge,jwedgew@home.pl
Elianora Perello,eperellox@narod.ru
Ruddie Ary,raryy@webeden.co.uk
Cheri Rouge,crougez@indiegogo.com
Seward Lipsett,slipsett10@dailymotion.com
Angela Byles,abyles11@dagondesign.com
Rogers Zorer,rzorer12@mtv.com
Kizzee Stops,kstops13@dagondesign.com
Heloise Hamblington,hhamblington14@studiopress.com
Lynna Beever,lbeever15@nifty.com
Lucita Spellman,lspellman16@google.nl
Ulysses Preddy,upreddy17@cafepress.com
Ashleigh Trittam,atrittam18@sfgate.com
Mitchel Ivanikhin,mivanikhin19@sitemeter.com
Julieta Rigler,jrigler1a@tinypic.com
Hatti Goodhall,hgoodhall1b@opensource.org
Modestine Tellenbroker,mtellenbroker1c@51.la
Sheffy Gerhts,sgerhts1d@aboutads.info
Joe Criag,jcriag1e@printfriendly.com
Chane Trippett,ctrippett1f@netvibes.com
Yance Golt,ygolt1g@ca.gov
Michail Basley,mbasley1h@yahoo.com
Penelope Mityakov,pmityakov1i@smugmug.com
Valera Hunnybun,vhunnybun1j@xing.com
Gerrie Pendre,gpendre1k@skyrock.com
Emilio McIlvaney,emcilvaney1l@is.gd
Alexina Herrero,aherrero1m@slashdot.org
Dolley Ayto,dayto1n@who.int
Zia Sarsons,zsarsons1o@ycombinator.com
Roderic Penritt,rpenritt1p@ed.gov
Trudey Cestard,tcestard1q@weibo.com
Kirby Vaisey,kvaisey1r@amazon.co.uk
Jean Gouch,jgouch1s@answers.com
Briggs Yuryichev,byuryichev1t@ca.gov
Reeba Donat,rdonat1u@prlog.org
Celestina Bounds,cbounds1v@cargocollective.com
Tudor Purves,tpurves1w@newyorker.com
Dall Dellenty,ddellenty1x@godaddy.com
Northrop Masden,nmasden1y@wikipedia.org
Micky Gosneye,mgosneye1z@noaa.gov
Noby Olford,nolford20@telegraph.co.uk
Fran Sandercock,fsandercock21@eventbrite.com
Arel Trengove,atrengove22@opensource.org
Ella Treamayne,etreamayne23@baidu.com
Whitman Search,wsearch24@fema.gov
Vanda Scruby,vscruby25@zdnet.com
Jackie Hallowes,jhallowes26@adobe.com
Lezlie Bouller,lbouller27@i2i.jp
Cosme Woolsey,cwoolsey28@csmonitor.com
Curt Enrdigo,cenrdigo29@twitpic.com
Carroll Orwin,corwin2a@gmpg.org
Kelcey Lowndsborough,klowndsborough2b@marriott.com
Finn Cloonan,fcloonan2c@nytimes.com
Jessica Eckersall,jeckersall2d@narod.ru
Konstantin Ondra,kondra2e@51.la
Darlleen Boshell,dboshell2f@icio.us
Allegra Tallet,atallet2g@4shared.com
Dexter Rens,drens2h@google.fr
Joshia Critoph,jcritoph2i@oaic.gov.au
Lynda Bryns,lbryns2j@about.com
Karna Storek,kstorek2k@123-reg.co.uk
Levon Steely,lsteely2l@simplemachines.org
Rhianna O'Brallaghan,robrallaghan2m@seesaa.net
Livvyy Longforth,llongforth2n@comcast.net
Sigvard Persicke,spersicke2o@wikispaces.com
Cary Derrick,cderrick2p@usgs.gov
Dody Benny,dbenny2q@gravatar.com
Jeri Alastair,jalastair2r@1und1.de
Brittani Gilling,bgilling2s@addthis.com
Gustave Van Rembrandt,gvan2t@nba.com
Wenda Downie,wdownie2u@howstuffworks.com
Christoffer Mapis,cmapis2v@dion.ne.jp
Reginald Kitchen,rkitchen2w@jugem.jp
Fredia Dow,fdow2x@zdnet.com
Jesselyn McTague,jmctague2y@harvard.edu
Bobbee Grinvalds,bgrinvalds2z@sphinn.com
Dewain Olden,dolden30@pinterest.com
Celina Mosten,cmosten31@dailymotion.com
Paula Jeavons,pjeavons32@paypal.com
Vinny Berthomieu,vberthomieu33@51.la
Osmond Rafferty,orafferty34@twitpic.com
Zabrina Dreier,zdreier35@statcounter.com
Marietta Longbothom,mlongbothom36@bing.com
Allsun Lippi,alippi37@discuz.net
Gunther Warwick,gwarwick38@guardian.co.uk
Robbi Raysdale,rraysdale39@yahoo.com
Milissent Kubala,mkubala3a@photobucket.com
Deirdre Simnel,dsimnel3b@1688.com
Clyve Collinson,ccollinson3c@dot.gov
Hilliary Downie,hdownie3d@google.nl
Shane Pietersma,spietersma3e@wiley.com
Artur Howford,ahowford3f@dedecms.com
Catha Mowat,cmowat3g@washingtonpost.com
Lalo Ramsted,lramsted3h@jugem.jp
Jerry de Castelain,jde3i@soup.io
Clyde Skermer,cskermer3j@parallels.com
Alexio Gorman,agorman3k@goo.gl
Bax Saleway,bsaleway3l@google.cn
Carce Beldam,cbeldam3m@disqus.com
Kanya Mosley,kmosley3n@arizona.edu
Darrell Perroni,dperroni3o@odnoklassniki.ru
Burlie Elflain,belflain3p@tinypic.com
Andeee Wing,awing3q@so-net.ne.jp
Lewes Bruckner,lbruckner3r@cnbc.com
Eydie Berk,eberk3s@go.com
Dennet Gaunter,dgaunter3t@google.co.uk
Cherri Graber,cgraber3u@php.net
Abigael Palser,apalser3v@amazon.co.jp
Brandtr Skinn,bskinn3w@etsy.com
Sheelah McInility,smcinility3x@php.net
Harry O'Geneay,hogeneay3y@skype.com
Teddi Woolston,twoolston3z@360.cn
Malena Whapples,mwhapples40@netvibes.com
Emiline Eirwin,eeirwin41@t-online.de
Elyse Swindall,eswindall42@nytimes.com
Archie Malcolm,amalcolm43@slate.com
Charlton Okill,cokill44@mysql.com
Henry Sambles,hsambles45@purevolume.com
Misha Clayton,mclayton46@google.ru
Benny Nial,bnial47@unicef.org
Vyky Milmith,vmilmith48@boston.com
Tove Willows,twillows49@bbc.co.uk
Jacquie Lenihan,jlenihan4a@1und1.de
Florida Maryman,fmaryman4b@sogou.com
Wynn McChesney,wmcchesney4c@usgs.gov
Shannon Kenrack,skenrack4d@alexa.com
Enrica Cunnane,ecunnane4e@yale.edu
Welbie Arlott,warlott4f@squidoo.com
Jodie Geillier,jgeillier4g@msn.com
Tanya Daborne,tdaborne4h@jugem.jp
Shelia Noller,snoller4i@naver.com
Jaynell Durtnell,jdurtnell4j@dailymotion.com
Orella McMillian,omcmillian4k@mlb.com
Cate Hance,chance4l@quantcast.com
Ilysa Bemment,ibemment4m@omniture.com
Carver Mum,cmum4n@blinklist.com
Ewan Emons,eemons4o@imageshack.us
Dael Tilly,dtilly4p@newyorker.com
Missie Willett,mwillett4q@geocities.jp
Sigismondo Serfati,sserfati4r@bloglines.com
Lyndsey Adderson,ladderson4s@google.co.jp
Fidelio Leidl,fleidl4t@slashdot.org
Roanna Ziemecki,rziemecki4u@boston.com
Lucia Harnott,lharnott4v@loc.gov
Wake Fenty,wfenty4w@dedecms.com
Kellen Guierre,kguierre4x@elpais.com
Janetta Frostdick,jfrostdick4y@fema.gov
Avram Bellwood,abellwood4z@ed.gov
Alf Colleck,acolleck50@alibaba.com
Felicia Martinovsky,fmartinovsky51@ihg.com
Bourke Kennelly,bkennelly52@reverbnation.com
Iolanthe Vahl,ivahl53@scribd.com
Louisette Zmitrovich,lzmitrovich54@ning.com
Lynn Castagnone,lcastagnone55@liveinternet.ru
Lowell Vreede,lvreede56@discovery.com
Silvain Leyre,sleyre57@rakuten.co.jp
Brittaney McNickle,bmcnickle58@altervista.org
Theda Milier,tmilier59@163.com
Leslie Custance,lcustance5a@jigsy.com
Faulkner Kyngdon,fkyngdon5b@e-recht24.de
Imogene Jinks,ijinks5c@desdev.cn
Lindsay Jone,ljone5d@freewebs.com
Rasla Goymer,rgoymer5e@oakley.com
Townsend Ivermee,tivermee5f@storify.com
Rebekkah Francescuccio,rfrancescuccio5g@hostgator.com
Deb Bras,dbras5h@simplemachines.org
Devin Belchamp,dbelchamp5i@merriam-webster.com
Cecilius McGreil,cmcgreil5j@newsvine.com
Bernie Eckery,beckery5k@netscape.com
Philippa McCutheon,pmccutheon5l@blogtalkradio.com
Wittie Titt,wtitt5m@bizjournals.com
Sonia Mossdale,smossdale5n@shop-pro.jp
Nissie Foxon,nfoxon5o@pen.io
Clareta Confort,cconfort5p@studiopress.com
Grayce Butcher,gbutcher5q@jigsy.com
Rosaline Ruffy,rruffy5r@youku.com
Coraline Muggeridge,cmuggeridge5s@github.com
Perle Foulser,pfoulser5t@purevolume.com
Teresina McLurg,tmclurg5u@feedburner.com
Alphonse Schimke,aschimke5v@paginegialle.it
Minda Matevosian,mmatevosian5w@zimbio.com
Jemie Gerasch,jgerasch5x@wufoo.com
Inga Stobbie,istobbie5y@jugem.jp
Jaclyn D'Alesio,jdalesio5z@forbes.com
Codie Lindenstrauss,clindenstrauss60@cargocollective.com
Jeannette Cormack,jcormack61@mysql.com
Albert Giamelli,agiamelli62@columbia.edu
Kayla Dulwich,kdulwich63@sourceforge.net
Madelina McGuggy,mmcguggy64@state.gov
Murial Manifold,mmanifold65@macromedia.com
Agatha Lante,alante66@tamu.edu
Ralina Amoss,ramoss67@ox.ac.uk
Neysa Dovidian,ndovidian68@mail.ru
Sapphire Panner,spanner69@cyberchimps.com
Alphard Marquese,amarquese6a@nih.gov
Olivia McIlveen,omcilveen6b@ovh.net
Isobel Gallaway,igallaway6c@springer.com
Rikki Narracott,rnarracott6d@cmu.edu
Irvine Goffe,igoffe6e@sakura.ne.jp
Orren Anney,oanney6f@tuttocitta.it
Crosby Wasielewski,cwasielewski6g@livejournal.com
Haily Jarmaine,hjarmaine6h@google.com
Lynnelle Pitrasso,lpitrasso6i@stumbleupon.com
Klara Neville,kneville6j@ucla.edu
Suzy Gilhoolie,sgilhoolie6k@youku.com
Urbain Shalloe,ushalloe6l@vinaora.com
Milty Cade,mcade6m@elegantthemes.com
Alexandros Campagne,acampagne6n@ebay.co.uk
Laural Broughton,lbroughton6o@theglobeandmail.com
Bay Hessle,bhessle6p@nyu.edu
Kalina Leopard,kleopard6q@simplemachines.org
Ynez Pleager,ypleager6r@about.me
Broderick Fairney,bfairney6s@sourceforge.net
Jolie Finlow,jfinlow6t@redcross.org
Correy Kilfedder,ckilfedder6u@cocolog-nifty.com
Tiffany Padmore,tpadmore6v@reverbnation.com
Harmonie Ziehm,hziehm6w@chronoengine.com
Alyse Szymon,aszymon6x@uiuc.edu
Nicola Davydoch,ndavydoch6y@japanpost.jp
Marion Van T'Hoog,mvan6z@independent.co.uk
Saul Dabs,sdabs70@yolasite.com
Noam Huggen,nhuggen71@hugedomains.com
Phelia Punyer,ppunyer72@4shared.com
Ada Kirkness,akirkness73@github.io
Ailene Yuryshev,ayuryshev74@wired.com
Bald Ringe,bringe75@wired.com
Hildagarde Lamperti,hlamperti76@shareasale.com
Sutton Pask,spask77@blog.com
Ogden Craigmyle,ocraigmyle78@timesonline.co.uk
Stevie Vellden,svellden79@apple.com
Berkie Allerton,ballerton7a@amazon.co.jp
Althea Duckerin,aduckerin7b@marriott.com
Daniel Connar,dconnar7c@omniture.com
Aldon Reddy,areddy7d@barnesandnoble.com
Creigh Gibling,cgibling7e@salon.com
Jocelyne Edge,jedge7f@elegantthemes.com
Gnni Congrave,gcongrave7g@reference.com
Marlo Dutchburn,mdutchburn7h@bizjournals.com
Arie Mateos,amateos7i@topsy.com
Michelina Pateman,mpateman7j@nih.gov
Margret Rubinivitz,mrubinivitz7k@vimeo.com
Angelica Mathiassen,amathiassen7l@microsoft.com
Henrie McCall,hmccall7m@psu.edu
Mabel Mayne,mmayne7n@com.com
Ruben Verity,rverity7o@booking.com
Wit Barnwill,wbarnwill7p@mail.ru
Fritz Thomen,fthomen7q@google.ru
Farlie Stolberger,fstolberger7r@usda.gov
Kennedy Kaufman,kkaufman7s@answers.com
Duffie Collumbell,dcollumbell7t@google.it
Mei Gallone,mgallone7u@google.ru
Vilma Yateman,vyateman7v@xinhuanet.com
Emery Rolles,erolles7w@gnu.org
Kalli Jerzycowski,kjerzycowski7x@sfgate.com
Elicia Flowers,eflowers7y@squarespace.com
Teddy Chettoe,tchettoe7z@twitpic.com
Markus Sherrington,msherrington80@seesaa.net
Elwin Zealy,ezealy81@amazon.co.uk
Rafaelia Balke,rbalke82@mapquest.com
Oby Whoston,owhoston83@fastcompany.com
Fabien Passy,fpassy84@jigsy.com
Ty Golbourn,tgolbourn85@independent.co.uk
Barby Lars,blars86@mlb.com
Wandis Trevers,wtrevers87@skyrock.com
Nancy Gerhartz,ngerhartz88@elegantthemes.com
Bartholomew Kivell,bkivell89@geocities.jp
Sterling Smillie,ssmillie8a@webnode.com
Nicholle Verrell,nverrell8b@cornell.edu
Alvie Kibbe,akibbe8c@wunderground.com
Bradley Close,bclose8d@diigo.com
Agustin Zanussii,azanussii8e@bluehost.com
Evelina Hernik,ehernik8f@uol.com.br
Zulema Tann,ztann8g@businessinsider.com
Lana Widocks,lwidocks8h@chron.com
Maxwell Krahl,mkrahl8i@wikispaces.com
Alice Casewell,acasewell8j@wikimedia.org
Amaleta Hargie,ahargie8k@auda.org.au
Kendall Woodroof,kwoodroof8l@zdnet.com
King Jansen,kjansen8m@ucsd.edu
Leanna Neachell,lneachell8n@who.int
Ty Westfalen,twestfalen8o@gnu.org
Egon Jollands,ejollands8p@networkadvertising.org
Morton Rosser,mrosser8q@dedecms.com
Ric Wyss,rwyss8r@dmoz.org
Bondie Grigoliis,bgrigoliis8s@statcounter.com
Eben Bail,ebail8t@jimdo.com
Tiena Frayling,tfrayling8u@google.co.uk
Mattie Jochen,mjochen8v@merriam-webster.com
Hans Kaasman,hkaasman8w@berkeley.edu
Sharona Stepney,sstepney8x@cbc.ca
Gillian Wanless,gwanless8y@google.co.jp
Arch Lamb-shine,alambshine8z@si.edu
Shena Cicco,scicco90@home.pl
Granville Wagerfield,gwagerfield91@webeden.co.uk
Calla Alloway,calloway92@prlog.org
Retha Krates,rkrates93@weather.com
Maxim Haddinton,mhaddinton94@google.fr
Lenora Saenz,lsaenz95@whitehouse.gov
Calley McGreary,cmcgreary96@smh.com.au
Geoff Allard,gallard97@seattletimes.com
Mile Kleinberer,mkleinberer98@businessweek.com
Caro Finnimore,cfinnimore99@nifty.com
Erna Duckers,educkers9a@virginia.edu
Ricardo Jonk,rjonk9b@gmpg.org
Mariska Aven,maven9c@elegantthemes.com
Allix Babon,ababon9d@imgur.com
Bondie Bardey,bbardey9e@elpais.com
Cornela Schwier,cschwier9f@oakley.com
Thain Jertz,tjertz9g@youtu.be
Lilli Mathes,lmathes9h@salon.com
Efrem Ballchin,eballchin9i@free.fr
Marchall Grestye,mgrestye9j@tripod.com
Casey Solan,csolan9k@jiathis.com
Edythe Hardacre,ehardacre9l@usnews.com
Peg Lilleyman,plilleyman9m@parallels.com
Aimee Bogaert,abogaert9n@dailymotion.com
Ardelis Orrow,aorrow9o@answers.com
Brenna Smyley,bsmyley9p@tiny.cc
Marcy Saggs,msaggs9q@themeforest.net
Charyl Fugere,cfugere9r@hibu.com
Lora Duncan,lduncan9s@independent.co.uk
Olia Broxis,obroxis9t@behance.net
Krisha Rosell,krosell9u@deliciousdays.com
Lucian Aldiss,laldiss9v@globo.com
Malvina Quartly,mquartly9w@addthis.com
Ad Gussie,agussie9x@oracle.com
Marvin Briars,mbriars9y@canalblog.com
Emera Gascard,egascard9z@phoca.cz
Jewelle Nuton,jnutona0@sohu.com
Sascha Mordan,smordana1@joomla.org
Caren Truran,ctrurana2@ucoz.ru
Alice Krollman,akrollmana3@reverbnation.com
Valdemar Cathcart,vcathcarta4@mtv.com
Ax Gaukroger,agaukrogera5@instagram.com
Nancy Gullberg,ngullberga6@twitter.com
Micky Kelberman,mkelbermana7@ow.ly
Elihu Bugler,ebuglera8@upenn.edu
Steffane Bakey,sbakeya9@stanford.edu
Becca Hamblett,bhamblettaa@delicious.com
Allix Darracott,adarracottab@wired.com
Damara Dalgliesh,ddalglieshac@elegantthemes.com
Lelia Prosser,lprosserad@wired.com
Morissa Lenglet,mlengletae@baidu.com
Burk Swinford,bswinfordaf@cyberchimps.com
Hyacinth Gravestone,hgravestoneag@wikipedia.org
Wynn Watman,wwatmanah@bravesites.com
Viki Cutridge,vcutridgeai@toplist.cz
Faustina Stonham,fstonhamaj@state.tx.us
Kyrstin McEachern,kmceachernak@arizona.edu
Jaquenette Gullis,jgullisal@msn.com
Whitaker Ions,wionsam@google.co.jp
Geneva Mettericke,gmetterickean@walmart.com
Bert Naptine,bnaptineao@ucoz.com
Ambros Shiel,ashielap@g.co
Caresse Self,cselfaq@dailymail.co.uk
Tisha Kubat,tkubatar@deliciousdays.com
Melly Hatz,mhatzas@nsw.gov.au
Charita Morilla,cmorillaat@shop-pro.jp
Spence Cameli,scameliau@fastcompany.com
Tabatha O'Looney,tolooneyav@dailymotion.com
Whitney Cabell,wcabellaw@list-manage.com
Andra Harmstone,aharmstoneax@hexun.com
Theodoric Swainson,tswainsonay@boston.com
Sayer Rupel,srupelaz@hp.com
Coralie Grzegorzewski,cgrzegorzewskib0@scribd.com
Keriann Fardo,kfardob1@oakley.com
Hilton Taffee,htaffeeb2@nbcnews.com
Annabel Regis,aregisb3@google.pl
Gayle Francescuzzi,gfrancescuzzib4@uol.com.br
Korey Jamieson,kjamiesonb5@alexa.com
Angelia Cornuau,acornuaub6@slate.com
Tory Kesey,tkeseyb7@ameblo.jp
Daphne Miell,dmiellb8@yandex.ru
Mick Hurley,mhurleyb9@uol.com.br
Gipsy Meachem,gmeachemba@mozilla.com
Angus Steptoe,asteptoebb@marketwatch.com
Alene Carrett,acarrettbc@naver.com
Chantalle Merrywether,cmerrywetherbd@businesswire.com
Cathee Wedgwood,cwedgwoodbe@naver.com
Larisa Seckom,lseckombf@google.es
Quinn Crehan,qcrehanbg@who.int
Rowan Haworth,rhaworthbh@eventbrite.com
Beryl Biswell,bbiswellbi@chicagotribune.com
Jacky Dubber,jdubberbj@friendfeed.com
Marylin Tice,mticebk@auda.org.au
Tabbitha Vest,tvestbl@liveinternet.ru
Mallory Masters,mmastersbm@ftc.gov
Kylynn Mauvin,kmauvinbn@comcast.net
Sherry Greated,sgreatedbo@geocities.com
Lura Willmont,lwillmontbp@ebay.com
Norene Mouat,nmouatbq@biglobe.ne.jp
Vanna Noar,vnoarbr@shareasale.com
Caleb Riste,cristebs@yelp.com
Josi Sturt,jsturtbt@patch.com
Bendicty Reggler,bregglerbu@constantcontact.com
Helli McQueen,hmcqueenbv@altervista.org
Ruben Edney,redneybw@jigsy.com
Romain Letcher,rletcherbx@va.gov
Zandra Gallihawk,zgallihawkby@europa.eu
Thorin Phethean,tphetheanbz@wikispaces.com
Billy Kruschov,bkruschovc0@amazon.co.uk
Chase Mohammed,cmohammedc1@godaddy.com
Elmer Fortnon,efortnonc2@xinhuanet.com
Hilary Robley,hrobleyc3@sohu.com
Stormi Willes,swillesc4@usatoday.com
Eldridge Joust,ejoustc5@globo.com
Anton Aubury,aauburyc6@dagondesign.com
Erwin Hopkyns,ehopkynsc7@princeton.edu
Deeann Guppey,dguppeyc8@unesco.org
Bing Morden,bmordenc9@drupal.org
Rori Bagshawe,rbagshaweca@taobao.com
Janaya Drewery,jdrewerycb@buzzfeed.com
Davita Kuscha,dkuschacc@comsenz.com
Lilly Frantzen,lfrantzencd@spiegel.de
Amanda Tranter,atranterce@ning.com
Marleen Knowlson,mknowlsoncf@netvibes.com
Charil Jereatt,cjereattcg@cbc.ca
Alistair Tugman,atugmanch@hp.com
Nicol Veldens,nveldensci@spotify.com
Goldia Trillow,gtrillowcj@ebay.com
Tore Dowber,tdowberck@adobe.com
Antoni Spata,aspatacl@intel.com
Inger Stihl,istihlcm@discuz.net
Ruby Marlon,rmarloncn@goo.ne.jp
Jarret Attewill,jattewillco@tmall.com
Tasha Osment,tosmentcp@gizmodo.com
Margarethe Kobierski,mkobierskicq@mapquest.com
Theodore Shout,tshoutcr@weebly.com
Wade Hammerich,whammerichcs@ftc.gov
Ezri Bohike,ebohikect@dropbox.com
Modesta Easdon,measdoncu@bizjournals.com
Tana Trehearne,ttrehearnecv@epa.gov
Juliann Aers,jaerscw@google.ca
Gabie Hinemoor,ghinemoorcx@t-online.de
Tera Tesoe,ttesoecy@simplemachines.org
Mordy Gwilliams,mgwilliamscz@theglobeandmail.com
Kathrine Wildblood,kwildbloodd0@weebly.com
Pierson Whittington,pwhittingtond1@discuz.net
Jared Cashman,jcashmand2@com.com
Dimitry Upton,duptond3@aol.com
Nye Wanden,nwandend4@theguardian.com
Seamus Gabbatiss,sgabbatissd5@1und1.de
Mariele Nibley,mnibleyd6@salon.com
Bradley Dalzell,bdalzelld7@seattletimes.com
Ibby Farge,ifarged8@blogspot.com
Olwen Carthy,ocarthyd9@wsj.com
Georg Gedge,ggedgeda@nih.gov
Moises Eldershaw,meldershawdb@ameblo.jp
Enrica Paxforde,epaxfordedc@creativecommons.org
Edwina Wharram,ewharramdd@biblegateway.com
Giuseppe Garner,ggarnerde@xing.com
Moore Mackriell,mmackrielldf@about.me
Whitney Cornfoot,wcornfootdg@symantec.com
Parry Van Merwe,pvandh@a8.net
Arley Sanford,asanforddi@independent.co.uk
Sheppard Condell,scondelldj@example.com
Arvy Lugsdin,alugsdindk@examiner.com
Gael Christene,gchristenedl@tamu.edu
Ludvig Buxsy,lbuxsydm@sphinn.com
Florentia Barents,fbarentsdn@ucoz.ru
Basilio Akeherst,bakeherstdo@t.co
Trace Berrygun,tberrygundp@github.com
Fran Dimmne,fdimmnedq@guardian.co.uk
Nannette Grimsdyke,ngrimsdykedr@nba.com
Mack Scherer,mschererds@t-online.de
Michel Hansard,mhansarddt@elpais.com
Glad Knobell,gknobelldu@gizmodo.com
Gweneth Carr,gcarrdv@blog.com
Oberon Noury,onourydw@whitehouse.gov
Myrtle Wartonby,mwartonbydx@de.vu
Cleon Menguy,cmenguydy@freewebs.com
Annelise Butter,abutterdz@howstuffworks.com
Adelaide Coche,acochee0@google.es
Lorin Aulds,lauldse1@reference.com
Dulcinea Rickasse,drickassee2@plala.or.jp
Corbet Swindells,cswindellse3@msu.edu
Jedd Snufflebottom,jsnufflebottome4@patch.com
Stan Fawdry,sfawdrye5@google.nl
Darin Walklott,dwalklotte6@cnet.com
Harmonia Kinavan,hkinavane7@google.it
Frasco De Ath,fdee8@usda.gov
Madelle Sterry,msterrye9@a8.net
Brooke Couroy,bcouroyea@jimdo.com
Raimondo Aldwich,raldwicheb@nps.gov
Silvester Hebner,shebnerec@yahoo.com
Queenie Wogan,qwoganed@engadget.com
Kenyon Bamford,kbamfordee@si.edu
Lamond Benbough,lbenboughef@g.co
Tore Schoenfisch,tschoenfischeg@homestead.com
Roscoe Kinastan,rkinastaneh@shareasale.com
Mathilda Schrinel,mschrinelei@google.co.uk
Carey Cancellieri,ccancellieriej@gnu.org
Marjory Pickvance,mpickvanceek@digg.com
Clint Tugwell,ctugwellel@pinterest.com
Aida Prendergrass,aprendergrassem@github.io
Janene Gerhardt,jgerhardten@friendfeed.com
Codie Shewery,csheweryeo@businessinsider.com
Kristin Maven,kmavenep@weather.com
Blair Judkin,bjudkineq@jigsy.com
Mildred Spincke,mspinckeer@cyberchimps.com
Edd Van der Brugge,evanes@google.co.uk
Izaak Reubbens,ireubbenset@yolasite.com
Carolus Wyld,cwyldeu@smh.com.au
Melosa Trousdell,mtrousdellev@nsw.gov.au
Thor Elder,telderew@cdbaby.com
Albie Covil,acovilex@adobe.com
Upton Patty,upattyey@businesswire.com
Gill Treherne,gtreherneez@bbc.co.uk
Muhammad Maccaig,mmaccaigf0@g.co
Bartlett Stiff,bstifff1@flavors.me
Boonie Borg-Bartolo,bborgbartolof2@bloglovin.com
Pat Bouch,pbouchf3@chronoengine.com
Nariko Farley,nfarleyf4@va.gov
Neely Sheed,nsheedf5@shinystat.com
Raye Scholtz,rscholtzf6@hc360.com
Milli Britnell,mbritnellf7@privacy.gov.au
Kimbell Boyda,kboydaf8@house.gov
Mariette Brilleman,mbrillemanf9@addtoany.com
Halsy Kemmish,hkemmishfa@macromedia.com
Benji Hewkin,bhewkinfb@psu.edu
Armand MacGibbon,amacgibbonfc@gravatar.com
Heloise Iacoviello,hiacoviellofd@soundcloud.com
Peyton Dosdell,pdosdellfe@flickr.com
Venus Babington,vbabingtonff@marriott.com
Waldon Jobbins,wjobbinsfg@unicef.org
Jacklin Purtell,jpurtellfh@spotify.com
Nicol Jose,njosefi@house.gov
Farand Van Rembrandt,fvanfj@ifeng.com
Marne Carbine,mcarbinefk@tamu.edu
Lambert Bazell,lbazellfl@moonfruit.com
Albrecht Strover,astroverfm@cloudflare.com
Ollie Keems,okeemsfn@geocities.com
Ivie Bushell,ibushellfo@drupal.org
Quillan Greaves,qgreavesfp@amazon.de
Joelie MacKnight,jmacknightfq@goodreads.com
Alonso Stearn,astearnfr@blogtalkradio.com
Hendrik Wretham,hwrethamfs@dedecms.com
Chrysler Wolfenden,cwolfendenft@yelp.com
Wenda Domke,wdomkefu@businessinsider.com
Justus Cocci,jcoccifv@cisco.com
Carrissa McGlynn,cmcglynnfw@upenn.edu
Erie Meldon,emeldonfx@quantcast.com
Mead Tanswell,mtanswellfy@samsung.com
Iver Goodman,igoodmanfz@google.co.uk
Ritchie Cavaney,rcavaneyg0@answers.com
Winnie Verheijden,wverheijdeng1@parallels.com
Lynea Tamblyn,ltamblyng2@fda.gov
Mommy Nyles,mnylesg3@360.cn
Sheff Edlington,sedlingtong4@columbia.edu
Joan Saura,jsaurag5@odnoklassniki.ru
Tyrone Sweetnam,tsweetnamg6@omniture.com
Jillian Conklin,jconkling7@japanpost.jp
Patti Magauran,pmagaurang8@ed.gov
Laetitia Drew-Clifton,ldrewcliftong9@hc360.com
Hendrik Mayhew,hmayhewga@newsvine.com
Vail Jeremaes,vjeremaesgb@bing.com
Caro Linguard,clinguardgc@vinaora.com
Tully Stickles,tsticklesgd@canalblog.com
Salim Staines,sstainesge@storify.com
Kev Giamelli,kgiamelligf@comsenz.com
Alika Libbis,alibbisgg@parallels.com
Glyn Hay,ghaygh@furl.net
Harper Wagon,hwagongi@myspace.com
Brook Scotfurth,bscotfurthgj@people.com.cn
Manuel Costan,mcostangk@cnn.com
Sosanna Masterman,smastermangl@nifty.com
Rosmunda Gedney,rgedneygm@msu.edu
Jeanelle Speare,jspearegn@hubpages.com
Waylin Davidovici,wdavidovicigo@china.com.cn
Phil O'Brian,pobriangp@wisc.edu
Roselle Paggitt,rpaggittgq@networkadvertising.org
Freddie Drawmer,fdrawmergr@merriam-webster.com
Heall Revance,hrevancegs@ed.gov
Marga Currell,mcurrellgt@aboutads.info
Page Keenor,pkeenorgu@istockphoto.com
Esdras Ridding,eriddinggv@bbb.org
Chere Posthill,cposthillgw@t-online.de
Cecil Kemish,ckemishgx@ocn.ne.jp
Hall Garaghan,hgaraghangy@netvibes.com
Dannie Symms,dsymmsgz@dion.ne.jp
Walsh Blind,wblindh0@usa.gov
Thorin Konig,tkonigh1@yellowbook.com
Isidro Bitcheno,ibitchenoh2@zdnet.com
Rani Drew,rdrewh3@senate.gov
Hillary Wedmore.,hwedmoreh4@is.gd
Micky Pyzer,mpyzerh5@nih.gov
Micky Mennear,mmennearh6@un.org
Jacquenette Swalowe,jswaloweh7@sogou.com
Kort Curnow,kcurnowh8@cdbaby.com
Julian Troy,jtroyh9@ebay.co.uk
Caryn McClary,cmcclaryha@php.net
Beau Jensen,bjensenhb@ow.ly
Therine Reinhart,treinharthc@pen.io
Thibaud Dallaway,tdallawayhd@auda.org.au
Oralla Guiu,oguiuhe@123-reg.co.uk
Maiga O'Lenane,molenanehf@tiny.cc
Kimball Llewhellin,kllewhellinhg@yale.edu
Bettina Guiton,bguitonhh@smh.com.au
Eryn Skittle,eskittlehi@si.edu
Trstram Jammet,tjammethj@shareasale.com
Siouxie Schiersch,sschierschhk@java.com
Kristoffer Orhtmann,korhtmannhl@gravatar.com
Edgar Jenik,ejenikhm@networkadvertising.org
Bret Skellorne,bskellornehn@fotki.com
Ephrem Jamison,ejamisonho@1688.com
Barnie Goaley,bgoaleyhp@example.com
Clevey Betke,cbetkehq@ebay.com
Danielle McCormack,dmccormackhr@utexas.edu
Ephrem De Vile,edehs@nifty.com
Vito Antwis,vantwisht@ucoz.ru
Aime Nehlsen,anehlsenhu@miitbeian.gov.cn
Abby Veneur,aveneurhv@howstuffworks.com
Harli Muncer,hmuncerhw@google.it
Robinett Riatt,rriatthx@desdev.cn
Bartholomew Simic,bsimichy@auda.org.au
April Gerdes,agerdeshz@icq.com
Kacey Shattock,kshattocki0@skype.com
Geoff Orable,gorablei1@plala.or.jp
Marion Daye,mdayei2@tuttocitta.it
Madelina Starsmore,mstarsmorei3@gizmodo.com
Scarlett Benoy,sbenoyi4@usnews.com
Christoph Marsland,cmarslandi5@over-blog.com
Klara Abrahm,kabrahmi6@springer.com
Vaclav Cosker,vcoskeri7@slashdot.org
Karin Kopfer,kkopferi8@ucsd.edu
Hersh Gyngell,hgyngelli9@cloudflare.com
Karel Haugg,khauggia@state.gov
Ty Danieli,tdanieliib@nydailynews.com
Florian Biddwell,fbiddwellic@printfriendly.com
Washington Orwin,worwinid@nymag.com
Cecil Radke,cradkeie@parallels.com
Walden Gredden,wgreddenif@yandex.ru
Celie Argontt,cargonttig@engadget.com
Zared Treadaway,ztreadawayih@google.pl
Dyane Clemensen,dclemensenii@usda.gov
Tiertza Handford,thandfordij@bloglines.com
Thorstein Carragher,tcarragherik@businesswire.com
Ban Hamm,bhammil@huffingtonpost.com
Margie Godmer,mgodmerim@abc.net.au
Mitchael Yurkin,myurkinin@hc360.com
Cybill Pannaman,cpannamanio@seesaa.net
Moll Pierson,mpiersonip@lycos.com
Nerti Kilbourn,nkilbourniq@skyrock.com
Anne-corinne Tooth,atoothir@furl.net
Alaric Pieracci,apieracciis@auda.org.au
Georgi Malicki,gmalickiit@ftc.gov
Rosette Blasi,rblasiiu@1und1.de
Reginauld Toman,rtomaniv@topsy.com
Neysa Trollope,ntrollopeiw@cbslocal.com
Hester Elkin,helkinix@blogspot.com
Madalena Allder,mallderiy@youku.com
Alwyn Warsap,awarsapiz@irs.gov
Renato Srawley,rsrawleyj0@bloglines.com
Noah Grason,ngrasonj1@123-reg.co.uk
Katharyn Crosskill,kcrosskillj2@vimeo.com
Judy Harnor,jharnorj3@upenn.edu
Adriane Lamcken,alamckenj4@newsvine.com
Ceil Riolfo,criolfoj5@hugedomains.com
Ansel Handsheart,ahandsheartj6@mysql.com
Salim Sangar,ssangarj7@ezinearticles.com
Dewain Noen,dnoenj8@yahoo.co.jp
Cosmo Cuerda,ccuerdaj9@redcross.org
Rora Stimson,rstimsonja@guardian.co.uk
Sheelah Ardron,sardronjb@1und1.de
Deedee Muncer,dmuncerjc@zimbio.com
Anthony Coumbe,acoumbejd@friendfeed.com
Cyndie Risborough,crisboroughje@ucsd.edu
Lev Beecraft,lbeecraftjf@baidu.com
Rossie Lawfull,rlawfulljg@economist.com
Brinna Ramsier,bramsierjh@unicef.org
Dorita Hallick,dhallickji@amazon.de
Margeaux Vamplew,mvamplewjj@deliciousdays.com
Byrom Oake,boakejk@reuters.com
Ellen Finlater,efinlaterjl@friendfeed.com
Olag Casaletto,ocasalettojm@goo.ne.jp
Lola Brosenius,lbroseniusjn@noaa.gov
Joan Kettlestringes,jkettlestringesjo@forbes.com
Kirbee Graveson,kgravesonjp@photobucket.com
Britney Lipscomb,blipscombjq@feedburner.com
Erna Prendergrast,eprendergrastjr@imgur.com
Kristan Karpychev,kkarpychevjs@amazon.co.uk
Corri Skelington,cskelingtonjt@ask.com
Roseanna Ridewood,rridewoodju@nyu.edu
Omero Foldes,ofoldesjv@google.cn
Jamison Pretswell,jpretswelljw@facebook.com
Ludvig Itschakov,litschakovjx@soup.io
Roby Aldus,raldusjy@imdb.com
Patti Summerbell,psummerbelljz@unicef.org
Georgianna Mathely,gmathelyk0@meetup.com
Griswold Soffe,gsoffek1@usda.gov
Catha Ullock,cullockk2@pinterest.com
Maridel Gainsburgh,mgainsburghk3@trellian.com
Pollyanna Thebeaud,pthebeaudk4@technorati.com
Lauren Gall,lgallk5@gnu.org
Crosby Drewes,cdrewesk6@devhub.com
Kerry Dowden,kdowdenk7@blinklist.com
Cora Josowitz,cjosowitzk8@over-blog.com
Laurette Michelotti,lmichelottik9@networksolutions.com
Emmalynn Christiensen,echristiensenka@comcast.net
Harriette Crake,hcrakekb@fotki.com
Papageno Hoodspeth,phoodspethkc@rediff.com
Aurlie Badder,abadderkd@state.tx.us
Darrell Adolfsen,dadolfsenke@wunderground.com
Giffer McBayne,gmcbaynekf@craigslist.org
Daniele Wenden,dwendenkg@berkeley.edu
Lynde Reinhart,lreinhartkh@patch.com
Merci Catterell,mcatterellki@pcworld.com
Pieter Ridge,pridgekj@marketwatch.com
Bealle Graber,bgraberkk@house.gov
Percival Aylen,paylenkl@timesonline.co.uk
Hollie Cammacke,hcammackekm@t.co
Gaelan Barrar,gbarrarkn@rediff.com
Merralee Kibbel,mkibbelko@hubpages.com
Jarib Waud,jwaudkp@github.com
Aldus Lippitt,alippittkq@google.com.br
Phil Backwell,pbackwellkr@accuweather.com
Kristin Crowe,kcroweks@clickbank.net
Thane Gabotti,tgabottikt@1und1.de
Leta Cahen,lcahenku@wsj.com
Bobine Rooney,brooneykv@de.vu
Gris Delgardo,gdelgardokw@wired.com
Norbert Drillot,ndrillotkx@jugem.jp
Ronna Garrat,rgarratky@exblog.jp
Durant Heliet,dhelietkz@comsenz.com
Lindsey Northcliffe,lnorthcliffel0@wikia.com
Jeremias O'Driscole,jodriscolel1@stumbleupon.com
Maridel Morrad,mmorradl2@umich.edu
Marney Colbourne,mcolbournel3@hao123.com
Everard Ingamells,eingamellsl4@csmonitor.com
Rosalynd Paxeford,rpaxefordl5@so-net.ne.jp
Lida Dayer,ldayerl6@istockphoto.com
Gregorio Symones,gsymonesl7@trellian.com
Hildegarde Bourges,hbourgesl8@bing.com
Mahala Duker,mdukerl9@qq.com
Lionel Goodbanne,lgoodbannela@nasa.gov
Allin Davidzon,adavidzonlb@timesonline.co.uk
Barbara-anne Musla,bmuslalc@feedburner.com
Boote Borland,bborlandld@yandex.ru
Ronnie Feige,rfeigele@free.fr
Kissiah Cowtherd,kcowtherdlf@newyorker.com
Jereme Lofty,jloftylg@goo.ne.jp
Wynny Sighart,wsighartlh@1688.com
Antone Kepling,akeplingli@cdc.gov
Karlene Swetman,kswetmanlj@imageshack.us
Leeland Albon,lalbonlk@un.org
Kaiser Giovanetti,kgiovanettill@wix.com
Bondie Neild,bneildlm@stanford.edu
Bert Moraleda,bmoraledaln@springer.com
Aleen Nadin,anadinlo@shareasale.com
Roze Ghirardi,rghirardilp@java.com
Hubey Linforth,hlinforthlq@mlb.com
Jerrilee Sherred,jsherredlr@google.co.jp
Fallon Goldspink,fgoldspinkls@pinterest.com
Bernette Ravel,bravellt@aboutads.info
Kerrin Duffyn,kduffynlu@walmart.com
Edouard Frotton,efrottonlv@businessweek.com
Godfree Haycraft,ghaycraftlw@europa.eu
Thorndike Senechell,tsenechelllx@bandcamp.com
Moselle Redmire,mredmirely@cargocollective.com
Mildred Buttrick,mbuttricklz@statcounter.com
Germaine Housbey,ghousbeym0@ted.com
Bren Olliver,bolliverm1@jalbum.net
Anallese Capineer,acapineerm2@npr.org
Astrid Goodyear,agoodyearm3@sphinn.com
Bail Bacup,bbacupm4@slate.com
Casi Mancktelow,cmancktelowm5@sphinn.com
Hale Webbe,hwebbem6@purevolume.com
Shelagh Foskew,sfoskewm7@mozilla.com
Anthony Mingard,amingardm8@bbc.co.uk
Barbara Kenan,bkenanm9@mediafire.com
Iver Harhoff,iharhoffma@admin.ch
Philipa McDonnell,pmcdonnellmb@wsj.com
Charley Kliemke,ckliemkemc@nyu.edu
Ezequiel Giffkins,egiffkinsmd@google.com.hk
Shelli Brik,sbrikme@myspace.com
Bibbye Lethlay,blethlaymf@salon.com
Joletta Landy,jlandymg@list-manage.com
Rolland Lidbetter,rlidbettermh@yolasite.com
Judon Kaindl,jkaindlmi@shinystat.com
Hurlee Pedel,hpedelmj@bing.com
Olympe Osburn,oosburnmk@springer.com
Marty Lawley,mlawleyml@reuters.com
Evie Rowe,erowemm@diigo.com
Levey Pudsey,lpudseymn@qq.com
Merwyn Coggill,mcoggillmo@latimes.com
Eziechiele Ticksall,eticksallmp@hatena.ne.jp
Brett Jouanet,bjouanetmq@army.mil
Ginevra Gatcliff,ggatcliffmr@wikipedia.org
Thekla Wace,twacems@bbb.org
Ekaterina Scrinage,escrinagemt@yellowpages.com
Raphael Canadas,rcanadasmu@twitpic.com
Adriana Cesco,acescomv@parallels.com
Clair Graser,cgrasermw@google.it
Oralla Pretley,opretleymx@cdbaby.com
Tessie Huntall,thuntallmy@nydailynews.com
Marlow Neilly,mneillymz@bbb.org
Tracee Bartlomiej,tbartlomiejn0@mysql.com
Rozelle Sunderland,rsunderlandn1@rambler.ru
Clemmie Ritzman,critzmann2@sina.com.cn
Alisha Ungerer,aungerern3@myspace.com
Lettie Vicker,lvickern4@ihg.com
Cori Dunsire,cdunsiren5@weebly.com
Tisha Ree,treen6@oracle.com
Troy Farthin,tfarthinn7@seesaa.net
Noel Lohde,nlohden8@netlog.com
Loralee Terran,lterrann9@digg.com
Thaxter Hanhardt,thanhardtna@bravesites.com
Celle Portlock,cportlocknb@digg.com
Rhonda Beatson,rbeatsonnc@china.com.cn
Pammy Cissell,pcissellnd@webmd.com
Judye Gertz,jgertzne@weather.com
Shannen Adamec,sadamecnf@list-manage.com
Lissy Kesey,lkeseyng@disqus.com
Ondrea Maskall,omaskallnh@joomla.org
Sanderson Bremond,sbremondni@bizjournals.com
Caryl Eccleston,cecclestonnj@dell.com
Charlton Kislingbury,ckislingburynk@weather.com
Madel Skermer,mskermernl@hostgator.com
Coralyn Matus,cmatusnm@live.com
Elmo Klima,eklimann@ucla.edu
Dill Pinckard,dpinckardno@bizjournals.com
Torr Urion,turionnp@example.com
Elianora Dighton,edightonnq@comsenz.com
Sinclair Greaser,sgreasernr@g.co
Janella Ricardet,jricardetns@is.gd
Sharleen Giovanni,sgiovannint@diigo.com
Beret Jewson,bjewsonnu@google.com.au
Vidovik Cattach,vcattachnv@washington.edu
Sarge Cowey,scoweynw@theglobeandmail.com
Christie Clarkson,cclarksonnx@zimbio.com
Fiona Lysaght,flysaghtny@amazon.de
Yuma Asmus,yasmusnz@marriott.com
Sergio Chanders,schanderso0@devhub.com
Arabella Huggett,ahuggetto1@furl.net
Alastair Josuweit,ajosuweito2@foxnews.com
Palm Iddins,piddinso3@gmpg.org
Doris Gook,dgooko4@springer.com
Gustaf Pappin,gpappino5@netscape.com
Ethelda Anscott,eanscotto6@cdc.gov
Reena McGlaud,rmcglaudo7@npr.org
Boonie Joannic,bjoannico8@latimes.com
Eugine Shawe,eshaweo9@g.co
Jocelin Kitley,jkitleyoa@home.pl
Phillis Heaffey,pheaffeyob@deviantart.com
Rhodia Thatcham,rthatchamoc@vimeo.com
Micah Whitwham,mwhitwhamod@bandcamp.com
Flory Foxley,ffoxleyoe@miibeian.gov.cn
Uri Laurent,ulaurentof@xrea.com
Annis Haigh,ahaighog@blog.com
Tomasine Kenwright,tkenwrightoh@pcworld.com
Jarrett Maskall,jmaskalloi@reddit.com
Randa Gaunson,rgaunsonoj@tumblr.com
Nanine Bliss,nblissok@marriott.com
Phelia Dalbey,pdalbeyol@dagondesign.com
Ado D' Angelo,adom@usnews.com
Nanete Oldfield-Cherry,noldfieldcherryon@fotki.com
Elvis Worsam,eworsamoo@4shared.com
Bartolomeo Jerred,bjerredop@biblegateway.com
Beverly Van Schafflaer,bvanoq@apache.org
Thomasina Benford,tbenfordor@guardian.co.uk
Sharai Zincke,szinckeos@sfgate.com
Dallas Burkill,dburkillot@eventbrite.com
Jennine Wharmby,jwharmbyou@wired.com
Trey Pinxton,tpinxtonov@microsoft.com
Opalina Callacher,ocallacherow@ted.com
Maria Chivers,mchiversox@webnode.com
Helyn Fuggle,hfuggleoy@youku.com
Price Chessor,pchessoroz@meetup.com
Ferguson Smout,fsmoutp0@flavors.me
Debee Warbeys,dwarbeysp1@instagram.com
Bruce Elcocks,belcocksp2@nih.gov
Berton Danilevich,bdanilevichp3@army.mil
Tricia Habbijam,thabbijamp4@ocn.ne.jp
Sidney Symmers,ssymmersp5@nydailynews.com
Sherill Daid,sdaidp6@over-blog.com
Huberto Arnli,harnlip7@jiathis.com
Ced Cathie,ccathiep8@ask.com
Penn Panichelli,ppanichellip9@nifty.com
Corrianne Thaxter,cthaxterpa@zdnet.com
Flem Jansson,fjanssonpb@adobe.com
Alexio Darke,adarkepc@istockphoto.com
Miquela Gail,mgailpd@nyu.edu
Zacharie Bohills,zbohillspe@flickr.com
Arty Najera,anajerapf@nifty.com
Allys Cuttelar,acuttelarpg@abc.net.au
Giselle McKeevers,gmckeeversph@unicef.org
Myra Hesse,mhessepi@earthlink.net
Berkly Jordine,bjordinepj@google.cn
Priscilla Goodale,pgoodalepk@businessinsider.com
Del Bayford,dbayfordpl@slideshare.net
Rey Gimblett,rgimblettpm@shinystat.com
Bealle Dionisio,bdionisiopn@senate.gov
Esra Beumant,ebeumantpo@house.gov
Shandeigh Hatrey,shatreypp@redcross.org
Ignace Forlong,iforlongpq@artisteer.com
Doe Swaddle,dswaddlepr@walmart.com
Grazia Andrioni,gandrionips@netvibes.com
Dynah Corsor,dcorsorpt@discuz.net
Caron Guidotti,cguidottipu@slate.com
Kathleen Buxey,kbuxeypv@slashdot.org
Mahmoud Pidgeon,mpidgeonpw@loc.gov
Tawsha Ceccoli,tceccolipx@meetup.com
Les Piscopiello,lpiscopiellopy@mtv.com
Belia Enga,bengapz@acquirethisname.com
Anica Pavlishchev,apavlishchevq0@shop-pro.jp
Randee Taffee,rtaffeeq1@free.fr
Tonya Toplis,ttoplisq2@redcross.org
Westleigh Ballefant,wballefantq3@mashable.com
Jaclyn Swapp,jswappq4@mozilla.com
George Tallyn,gtallynq5@ning.com
Zacharias Vanyushkin,zvanyushkinq6@ihg.com
Meagan Pagram,mpagramq7@slate.com
Rube Hollidge,rhollidgeq8@nydailynews.com
Evangelia Dinsmore,edinsmoreq9@flavors.me
Min Cluckie,mcluckieqa@economist.com
Luise Farrand,lfarrandqb@networkadvertising.org
Moira Keeri,mkeeriqc@imgur.com
Dasha Batt,dbattqd@mit.edu
Myra Gobbett,mgobbettqe@mac.com
Katuscha Enser,kenserqf@auda.org.au
Giffie Render,grenderqg@eepurl.com
Sissy MacCaig,smaccaigqh@homestead.com
Dalston Chalcroft,dchalcroftqi@slideshare.net
Lolita Gallego,lgallegoqj@seattletimes.com
Garwin Gamell,ggamellqk@odnoklassniki.ru
Dorry Gandar,dgandarql@intel.com
Charlie Pringley,cpringleyqm@altervista.org
Tanya Walcar,twalcarqn@ted.com
Beauregard Ziemke,bziemkeqo@icq.com
Maiga Sapauton,msapautonqp@fc2.com
Waverly McGinny,wmcginnyqq@va.gov
Shaun Leask,sleaskqr@foxnews.com
Zebadiah Wolfendale,zwolfendaleqs@shutterfly.com
Adrienne Aylmer,aaylmerqt@free.fr
Vanya Como,vcomoqu@wikimedia.org
Konstantine Denness,kdennessqv@ocn.ne.jp
Athene Maddra,amaddraqw@home.pl
Kerwinn Sandland,ksandlandqx@ft.com
Sonnie Scarlan,sscarlanqy@indiatimes.com
Parrnell Bener,pbenerqz@miibeian.gov.cn
Ranique Oade,roader0@trellian.com
Costa Blaise,cblaiser1@seesaa.net
Camille Catto,ccattor2@hostgator.com
Melva Ferraraccio,mferraraccior3@mozilla.com
Corny Mulles,cmullesr4@bloomberg.com
Collen Sewart,csewartr5@icio.us
Kip Deplacido,kdeplacidor6@lycos.com
Alanah Episcopi,aepiscopir7@edublogs.org
Elissa Rudolfer,erudolferr8@wordpress.com
Thor Dreher,tdreherr9@reverbnation.com
Drud Braunter,dbraunterra@ustream.tv
Donovan Swatton,dswattonrb@ovh.net
Georgianne Matches,gmatchesrc@histats.com
Jamal Fassan,jfassanrd@google.ca
Verine Schoffler,vschofflerre@cdbaby.com
Corbin Yirrell,cyirrellrf@cdbaby.com
Dredi Connolly,dconnollyrg@tinyurl.com
Candace Hegley,chegleyrh@state.gov
Myrah Padwick,mpadwickri@ed.gov
Reynold Guerin,rguerinrj@guardian.co.uk
Sauncho Talmadge,stalmadgerk@jimdo.com
Whitney Foord,wfoordrl@networksolutions.com
Allianora Halford,ahalfordrm@examiner.com
Merrile Richarson,mricharsonrn@shinystat.com
Roddie Barkes,rbarkesro@imageshack.us
Magdalene Kerwin,mkerwinrp@friendfeed.com
Kelley Forber,kforberrq@eventbrite.com
Valentino Detoc,vdetocrr@youtube.com
