ime,email
Caryl Mahady,cmahady0@addtoany.com
Karia Piner,kpiner1@netlog.com
Melinde Hablet,mhablet2@cbslocal.com
Skipper Lockhart,slockhart3@europa.eu
Calhoun Devons,cdevons4@ustream.tv
Stearn Tosdevin,stosdevin5@hhs.gov
Alys Cubitt,acubitt6@webs.com
Alisa Southcoat,asouthcoat7@arstechnica.com
Kirby Farnish,kfarnish8@mediafire.com
Jeremy Limer,jlimer9@mail.ru
Remus Tiptaft,rtiptafta@addtoany.com
Barry Hostan,bhostanb@bbc.co.uk
Andrey Corns,acornsc@telegraph.co.uk
Cherice Latus,clatusd@sohu.com
Rozanne Reveley,rreveleye@nature.com
Maye Fenelow,mfenelowf@reference.com
Perry Benam,pbenamg@mysql.com
Sarena Despenser,sdespenserh@4shared.com
Herc Bartczak,hbartczaki@gizmodo.com
Corry Spradbrow,cspradbrowj@skyrock.com
Lura Woollhead,lwoollheadk@umich.edu
Wright Lillico,wlillicol@pbs.org
Angelina Wogan,awoganm@blogspot.com
Estel Pears,epearsn@tripadvisor.com
Nefen Anthiftle,nanthiftleo@bing.com
Skipp Largent,slargentp@arstechnica.com
Gamaliel Coaster,gcoasterq@whitehouse.gov
Braden Marler,bmarlerr@reuters.com
Shanon Loges,slogess@tumblr.com
Vivien Roussel,vrousselt@epa.gov
Rowan Alennikov,ralennikovu@cornell.edu
Ebba Shrawley,eshrawleyv@huffingtonpost.com
Granger Cammack,gcammackw@boston.com
Laureen Featherbie,lfeatherbiex@cdc.gov
Calley Hargie,chargiey@columbia.edu
Tony Rookeby,trookebyz@macromedia.com
Tiffie Jennens,tjennens10@earthlink.net
Marla Coey,mcoey11@dagondesign.com
Corrie Guiraud,cguiraud12@wisc.edu
Sheff Smithen,ssmithen13@yellowpages.com
Nikolaus Johnsey,njohnsey14@state.tx.us
Donny Dudmesh,ddudmesh15@princeton.edu
Mohammed Lebarree,mlebarree16@friendfeed.com
Constantine Brotheridge,cbrotheridge17@acquirethisname.com
Aylmar Soulsby,asoulsby18@is.gd
Kandace Jukes,kjukes19@hp.com
Linc Clynmans,lclynmans1a@comsenz.com
Gael Jannequin,gjannequin1b@nbcnews.com
Cleavland Hounihan,chounihan1c@vimeo.com
Farrell Rieger,frieger1d@dagondesign.com
Robina Brumham,rbrumham1e@google.it
Mirna Demead,mdemead1f@blogs.com
Thomas Rubee,trubee1g@tuttocitta.it
Giustina Armall,garmall1h@cornell.edu
Dora Devonside,ddevonside1i@npr.org
Gail Corradino,gcorradino1j@jigsy.com
Briney Cutford,bcutford1k@telegraph.co.uk
Brandea Jobin,bjobin1l@livejournal.com
Tory Vose,tvose1m@flickr.com
Abbey Gornar,agornar1n@google.es
Pauly Fraczek,pfraczek1o@woothemes.com
Crystie Bangs,cbangs1p@typepad.com
Gabriell Titterrell,gtitterrell1q@intel.com
Candida Ornells,cornells1r@de.vu
Ashlen Magrannell,amagrannell1s@opensource.org
Lu Warrilow,lwarrilow1t@infoseek.co.jp
Igor Phillimore,iphillimore1u@dyndns.org
Maria Zieme,mzieme1v@sogou.com
Sal Scholig,sscholig1w@omniture.com
Ursuline Anstee,uanstee1x@merriam-webster.com
Bank Bliben,bbliben1y@bluehost.com
Nessy Ishak,nishak1z@ocn.ne.jp
Cassey Schlag,cschlag20@barnesandnoble.com
Cindy Allchorn,callchorn21@scribd.com
Luigi Posselow,lposselow22@deliciousdays.com
Ivory Drewe,idrewe23@edublogs.org
Robinette Delia,rdelia24@psu.edu
Aprilette Quartermaine,aquartermaine25@dropbox.com
Gracie Goggin,ggoggin26@mit.edu
Tove Tremathack,ttremathack27@columbia.edu
Jaquelin McCambrois,jmccambrois28@tripod.com
Conny Pavlasek,cpavlasek29@wikipedia.org
Cchaddie Farrent,cfarrent2a@marketwatch.com
Libbey Bernasek,lbernasek2b@jalbum.net
Boyce Kochl,bkochl2c@imgur.com
Stanleigh Killbey,skillbey2d@yellowpages.com
Elli Elsmore,eelsmore2e@mozilla.com
Risa McErlaine,rmcerlaine2f@columbia.edu
Nana Blois,nblois2g@cargocollective.com
Jaymee Vasyatkin,jvasyatkin2h@ehow.com
Iain Balme,ibalme2i@yellowpages.com
Candice Heinecke,cheinecke2j@flavors.me
Gawen Stennard,gstennard2k@sogou.com
Fidelio Heigho,fheigho2l@tiny.cc
Adey Imms,aimms2m@over-blog.com
Elysee Gerrelt,egerrelt2n@nps.gov
Ritchie Riccio,rriccio2o@bravesites.com
Barbra Lea,blea2p@huffingtonpost.com
Lind Verney,lverney2q@webnode.com
Tamarra Tevelov,ttevelov2r@clickbank.net
Crin Bruton,cbruton2s@woothemes.com
Abe Heephy,aheephy2t@themeforest.net
Jody Jakubovski,jjakubovski2u@bing.com
Malcolm Kells,mkells2v@apache.org
Bil Sextone,bsextone2w@sohu.com
Oswell Wainer,owainer2x@cmu.edu
Gerard Reven,greven2y@diigo.com
Tammy Mac Giolla Pheadair,tmac2z@redcross.org
Symon Maddams,smaddams30@nationalgeographic.com
Mathilda Seamarke,mseamarke31@cargocollective.com
Yasmeen Bruhnicke,ybruhnicke32@addthis.com
Abagail Lampkin,alampkin33@uiuc.edu
Krystyna Villiers,kvilliers34@marketwatch.com
Nealy Ashness,nashness35@ow.ly
Mohandis Weth,mweth36@marketwatch.com
Griffie Commin,gcommin37@hatena.ne.jp
Quintilla McPhillips,qmcphillips38@abc.net.au
Jocelyn Boote,jboote39@histats.com
Dyanna Massel,dmassel3a@google.pl
Pepillo Kane,pkane3b@weibo.com
Talbot Fassbindler,tfassbindler3c@live.com
Vivianne Fidgeon,vfidgeon3d@slate.com
Marylee Meiklam,mmeiklam3e@about.me
Victoria Crews,vcrews3f@fda.gov
Maurie O'Kinneally,mokinneally3g@stumbleupon.com
Rollin Idill,ridill3h@last.fm
Decca Inchan,dinchan3i@nps.gov
Warner Danbi,wdanbi3j@ustream.tv
Kare Jacobs,kjacobs3k@sitemeter.com
Terrye Bonder,tbonder3l@hhs.gov
Conrado Demoge,cdemoge3m@geocities.com
Rikki Patient,rpatient3n@hatena.ne.jp
Bidget Cafferty,bcafferty3o@ucoz.ru
Ninnetta Flay,nflay3p@tiny.cc
Fernande Chastand,fchastand3q@cargocollective.com
Aubrey Andreucci,aandreucci3r@skyrock.com
Candide Pettipher,cpettipher3s@va.gov
Brigg Pahlsson,bpahlsson3t@unblog.fr
Evvy Ilbert,eilbert3u@homestead.com
Franciska Flipsen,fflipsen3v@delicious.com
Stephannie Gillbey,sgillbey3w@51.la
Edee Lernihan,elernihan3x@com.com
Christel Adamsky,cadamsky3y@themeforest.net
Virgie Coggings,vcoggings3z@printfriendly.com
Cy Blune,cblune40@tripadvisor.com
Hazlett Hull,hhull41@usa.gov
Maegan Bodycombe,mbodycombe42@e-recht24.de
Urban Washbrook,uwashbrook43@ovh.net
Gussy Baldacchi,gbaldacchi44@google.co.uk
Lionello Roylance,lroylance45@kickstarter.com
Lucais Nulty,lnulty46@washingtonpost.com
Agatha Ormshaw,aormshaw47@w3.org
Ravid Canape,rcanape48@yahoo.com
Fawne Gudde,fgudde49@miitbeian.gov.cn
Venus Gately,vgately4a@freewebs.com
Casandra Leggate,cleggate4b@wikipedia.org
Colman Colliver,ccolliver4c@slideshare.net
Terri Meeland,tmeeland4d@china.com.cn
Wynny Pabst,wpabst4e@fema.gov
Ulla Ghiroldi,ughiroldi4f@theglobeandmail.com
Octavius Georges,ogeorges4g@1688.com
Francesco Button,fbutton4h@msu.edu
Charlotte Pilipyak,cpilipyak4i@last.fm
Pietra Circuit,pcircuit4j@virginia.edu
Marjorie Thomsson,mthomsson4k@slideshare.net
Conni Payton,cpayton4l@thetimes.co.uk
Thomasina Bleacher,tbleacher4m@hatena.ne.jp
Fedora Ovise,fovise4n@umn.edu
Carey Dines,cdines4o@census.gov
Pippo Ferrarini,pferrarini4p@paypal.com
Lauri Kegley,lkegley4q@paginegialle.it
Janek Bute,jbute4r@bbc.co.uk
Lorettalorna Hamal,lhamal4s@ycombinator.com
Carmencita Tal,ctal4t@yelp.com
Rivi Eivers,reivers4u@blinklist.com
Ashlan Pybus,apybus4v@moonfruit.com
Hilton Stenning,hstenning4w@tripadvisor.com
Kaylyn Schult,kschult4x@ucla.edu
Dwight Corteis,dcorteis4y@narod.ru
Alexis Gilliam,agilliam4z@oracle.com
Lindsey Bickford,lbickford50@intel.com
Stanleigh Jordon,sjordon51@paypal.com
Robbie Perone,rperone52@example.com
Christyna Pocock,cpocock53@wikia.com
Fredia O'Lahy,folahy54@github.com
Don Jaray,djaray55@bravesites.com
Griz Dannett,gdannett56@people.com.cn
Kermit Glendenning,kglendenning57@com.com
Candi Faulds,cfaulds58@cnbc.com
Robb Atcheson,ratcheson59@jigsy.com
Irena Cobbing,icobbing5a@cnn.com
Kalle Copp,kcopp5b@tumblr.com
Tab Stoffels,tstoffels5c@fda.gov
Luz Adlam,ladlam5d@indiegogo.com
Clevey Calf,ccalf5e@seattletimes.com
Lorant Hebard,lhebard5f@techcrunch.com
Annabella Younghusband,ayounghusband5g@uiuc.edu
Sebastiano Giovannilli,sgiovannilli5h@aol.com
Liz Newdick,lnewdick5i@dailymail.co.uk
Joellyn Sole,jsole5j@delicious.com
Mathew Burmaster,mburmaster5k@woothemes.com
Quinton Austen,qausten5l@blogspot.com
Rip Heigho,rheigho5m@salon.com
Rebekah MacNeillie,rmacneillie5n@paginegialle.it
Benedetta Fischer,bfischer5o@slate.com
Whit Pretswell,wpretswell5p@posterous.com
Fletch Cherrington,fcherrington5q@netscape.com
Agosto Doonican,adoonican5r@sourceforge.net
Humphrey Botwright,hbotwright5s@icq.com
Otto Whapple,owhapple5t@amazon.com
Madlin Klosser,mklosser5u@cnn.com
Grissel McEvay,gmcevay5v@macromedia.com
Tyrus Dugan,tdugan5w@cpanel.net
Orazio Allington,oallington5x@usa.gov
Marcelia Langran,mlangran5y@alexa.com
Juliane Bowller,jbowller5z@nymag.com
Curcio Pina,cpina60@lycos.com
Arlen Darell,adarell61@jigsy.com
Mohandas Neissen,mneissen62@wisc.edu
Florina Tooby,ftooby63@exblog.jp
Cordie Slegg,cslegg64@japanpost.jp
Winifred Jermyn,wjermyn65@youtu.be
Durand Coweuppe,dcoweuppe66@dagondesign.com
Joyce Antonoczyk,jantonoczyk67@miitbeian.gov.cn
Allis Eaglen,aeaglen68@liveinternet.ru
Lawrence Meiklejohn,lmeiklejohn69@google.es
Penelopa Glazyer,pglazyer6a@fastcompany.com
Nico Konert,nkonert6b@java.com
Derril Bygraves,dbygraves6c@ovh.net
Kelcie Dundon,kdundon6d@webs.com
Liz Caltera,lcaltera6e@foxnews.com
Theo Lavall,tlavall6f@angelfire.com
Arch Slaughter,aslaughter6g@ebay.com
Rafe Leyzell,rleyzell6h@topsy.com
Shannon Essex,sessex6i@uol.com.br
Eddi Rishworth,erishworth6j@ft.com
Sascha Azema,sazema6k@netlog.com
Sidoney Barge,sbarge6l@cnn.com
Thekla Duding,tduding6m@buzzfeed.com
Alvis Neilus,aneilus6n@newsvine.com
Amargo Layman,alayman6o@naver.com
Arlin Kiloh,akiloh6p@washingtonpost.com
Dagny Milliken,dmilliken6q@boston.com
Moshe Beharrell,mbeharrell6r@usda.gov
Rebbecca Simecek,rsimecek6s@wunderground.com
Brooks Saunton,bsaunton6t@nydailynews.com
Tobye Benstead,tbenstead6u@lycos.com
Cosetta Kull,ckull6v@creativecommons.org
Karlene Thursby,kthursby6w@plala.or.jp
Kaela Wickling,kwickling6x@ehow.com
Rosette Burdin,rburdin6y@altervista.org
Ransom Mitkin,rmitkin6z@goodreads.com
Jakie Denkel,jdenkel70@samsung.com
Tiphany Shoemark,tshoemark71@netvibes.com
Sheree Wilstead,swilstead72@chron.com
Lynnelle Dulling,ldulling73@weather.com
Huberto Woolfall,hwoolfall74@harvard.edu
Kelvin Goode,kgoode75@elegantthemes.com
Eulalie Rozenzweig,erozenzweig76@slideshare.net
Irina Forty,iforty77@xing.com
Fabiano Walter,fwalter78@washington.edu
Ignace Blackett,iblackett79@nih.gov
Genvieve Wride,gwride7a@squidoo.com
Fulvia Livett,flivett7b@scribd.com
Illa Duguid,iduguid7c@people.com.cn
Pammy Cherryman,pcherryman7d@deliciousdays.com
Alic Carne,acarne7e@ameblo.jp
Clemence Seater,cseater7f@whitehouse.gov
Milton Romagnosi,mromagnosi7g@purevolume.com
Aland Copin,acopin7h@digg.com
Killian Gentile,kgentile7i@printfriendly.com
Markos Silby,msilby7j@yahoo.com
Larine Ramelot,lramelot7k@dagondesign.com
Zita Koche,zkoche7l@blinklist.com
Sharline Gammel,sgammel7m@google.com
Salvatore Cordoba,scordoba7n@t-online.de
Ryun Jeayes,rjeayes7o@quantcast.com
Kerry Muck,kmuck7p@xinhuanet.com
Alika Hulme,ahulme7q@spiegel.de
Ingrim Rigby,irigby7r@mit.edu
Kit Swede,kswede7s@google.com.br
Jany Maudett,jmaudett7t@freewebs.com
Valry Mcasparan,vmcasparan7u@google.com
Gonzalo Shacklady,gshacklady7v@blogtalkradio.com
Sayers Bachmann,sbachmann7w@bing.com
Jessey McAuliffe,jmcauliffe7x@sina.com.cn
Tandy Reding,treding7y@vk.com
Lizette Norkett,lnorkett7z@usgs.gov
Katherine Rasp,krasp80@miibeian.gov.cn
See Arington,sarington81@netscape.com
Harriett Fairfoul,hfairfoul82@mayoclinic.com
Constance McCard,cmccard83@bluehost.com
Branden Ettels,bettels84@apache.org
Mina Dumbar,mdumbar85@microsoft.com
Riane Gornal,rgornal86@wunderground.com
Georgy Standeven,gstandeven87@economist.com
Ange McLelland,amclelland88@ifeng.com
Reeva Laverick,rlaverick89@mapy.cz
Ericha Bryer,ebryer8a@imdb.com
Julius Heavyside,jheavyside8b@aboutads.info
Pansie Jozsika,pjozsika8c@nbcnews.com
Alvie Hambers,ahambers8d@cyberchimps.com
Claiborne Romagnosi,cromagnosi8e@github.io
Emily Coneybeer,econeybeer8f@issuu.com
Hurlee Behnecke,hbehnecke8g@toplist.cz
Beau McGhie,bmcghie8h@weather.com
Towny Pryke,tpryke8i@ibm.com
Myra Rannie,mrannie8j@ucoz.ru
Harman Prozillo,hprozillo8k@auda.org.au
Nedi Wardingly,nwardingly8l@dagondesign.com
Meryl Fleeming,mfleeming8m@usgs.gov
Ly Snelling,lsnelling8n@techcrunch.com
Bordie Fransinelli,bfransinelli8o@sina.com.cn
Vassily Gorst,vgorst8p@drupal.org
Sonya Korb,skorb8q@mediafire.com
Viole Stiger,vstiger8r@goo.ne.jp
Ranee Thomsson,rthomsson8s@cnn.com
Cyb Teck,cteck8t@salon.com
Devlen McAlinion,dmcalinion8u@google.fr
Jemimah Hasnip,jhasnip8v@forbes.com
Allix Iorillo,aiorillo8w@delicious.com
Garrard Borth,gborth8x@google.de
Page Swan,pswan8y@thetimes.co.uk
Vivyan Butt,vbutt8z@ft.com
Ulric Taverner,utaverner90@typepad.com
Rayshell MacGettigen,rmacgettigen91@ezinearticles.com
Horace Ollis,hollis92@mit.edu
Gorden Christophersen,gchristophersen93@printfriendly.com
Vevay Screech,vscreech94@zdnet.com
Garvey Pegler,gpegler95@unesco.org
Mirabel Niemiec,mniemiec96@youku.com
Anabelle Eilhermann,aeilhermann97@slideshare.net
Tyrone Daintier,tdaintier98@about.com
Marylinda Hark,mhark99@domainmarket.com
Dalli Tonry,dtonry9a@icio.us
Thebault Malatalant,tmalatalant9b@imdb.com
Tilda Sarre,tsarre9c@yale.edu
Inesita Eitter,ieitter9d@cloudflare.com
L;urette Portugal,lportugal9e@salon.com
Eugene Hawson,ehawson9f@youtube.com
Griswold MacAvddy,gmacavddy9g@si.edu
Brenn Hindenberger,bhindenberger9h@bizjournals.com
Papageno Frankish,pfrankish9i@altervista.org
Catherine Mitchel,cmitchel9j@theguardian.com
Courtney Thrower,cthrower9k@skype.com
Ginnie Lawes,glawes9l@devhub.com
Purcell Kilbane,pkilbane9m@patch.com
Katinka Treamayne,ktreamayne9n@yellowbook.com
Aubrie Marrow,amarrow9o@vkontakte.ru
Jodi Mitchell,jmitchell9p@angelfire.com
Catarina Doole,cdoole9q@feedburner.com
Elfrida Lardge,elardge9r@bizjournals.com
Rolf Eynald,reynald9s@php.net
Kelley Seifenmacher,kseifenmacher9t@wikia.com
Johnath Brombell,jbrombell9u@disqus.com
Norman O' Timony,no9v@sphinn.com
Gertrude Kohneke,gkohneke9w@ftc.gov
Kendra Frandsen,kfrandsen9x@cnet.com
Callida Koche,ckoche9y@paypal.com
Germain Smallwood,gsmallwood9z@mac.com
Barn McCaughren,bmccaughrena0@behance.net
Pru Blease,pbleasea1@hexun.com
Galina Secretan,gsecretana2@zdnet.com
Selie Leeb,sleeba3@apache.org
Alethea Yarrall,ayarralla4@gov.uk
Charlena Clayal,cclayala5@cyberchimps.com
Jandy Landa,jlandaa6@ning.com
Whitney Thurling,wthurlinga7@amazon.com
Hollie Shark,hsharka8@theglobeandmail.com
Patsy Zarfati,pzarfatia9@who.int
Glynnis Riggoll,griggollaa@ocn.ne.jp
Myer Poleykett,mpoleykettab@surveymonkey.com
Veriee Bonnesen,vbonnesenac@cbslocal.com
Adina Gulk,agulkad@delicious.com
Laural Duesbury,lduesburyae@nps.gov
Zelma Shiel,zshielaf@reuters.com
Othilie Jeune,ojeuneag@weebly.com
Casie Haverty,chavertyah@mysql.com
Patrick Billborough,pbillboroughai@uol.com.br
Scot Walster,swalsteraj@accuweather.com
Zebulon Jolly,zjollyak@nytimes.com
Deane MacIlurick,dmacilurickal@gnu.org
Madlen Daughtrey,mdaughtreyam@github.com
Lek Terbrug,lterbrugan@e-recht24.de
Filippa Lundbeck,flundbeckao@ebay.com
Liza Purdom,lpurdomap@cargocollective.com
Ruthe Tander,rtanderaq@altervista.org
Chip Strowlger,cstrowlgerar@csmonitor.com
Cletis Pilling,cpillingas@cbsnews.com
Bibi Snepp,bsneppat@vkontakte.ru
Rubin Lowings,rlowingsau@qq.com
Tresa Bloodworth,tbloodworthav@biblegateway.com
Nanette De Bruijne,ndeaw@rambler.ru
Vera Trueman,vtruemanax@studiopress.com
Carce Klaff,cklaffay@google.com.au
Beatrix McFall,bmcfallaz@joomla.org
Brandie Sogg,bsoggb0@businesswire.com
Bertine Graves,bgravesb1@dmoz.org
Babita Ferenc,bferencb2@arstechnica.com
Adriena D'Abbot-Doyle,adabbotdoyleb3@geocities.com
Concettina Tordoff,ctordoffb4@lulu.com
Mike Balston,mbalstonb5@1und1.de
Evangelia Gordon,egordonb6@instagram.com
Riordan Campanelli,rcampanellib7@xinhuanet.com
Emmalee Grubbe,egrubbeb8@redcross.org
Wheeler Antonovic,wantonovicb9@unc.edu
Lukas Derrett,lderrettba@sciencedaily.com
Ruby Boullen,rboullenbb@amazon.de
Homere Grahlman,hgrahlmanbc@plala.or.jp
Ade Hulson,ahulsonbd@addtoany.com
Rollins Iacovielli,riacoviellibe@stumbleupon.com
Elijah Duncklee,edunckleebf@elegantthemes.com
Eleonore Oris,eorisbg@google.com.br
Anson Plett,aplettbh@sciencedaily.com
Darcy Bassill,dbassillbi@pcworld.com
Merissa Francescuccio,mfrancescucciobj@jalbum.net
Esma Jouanot,ejouanotbk@ibm.com
Leigh Doget,ldogetbl@senate.gov
Allx Millichip,amillichipbm@gov.uk
Dena Draper,ddraperbn@epa.gov
Rosemonde Ludwikiewicz,rludwikiewiczbo@seattletimes.com
Aldus Burgill,aburgillbp@hexun.com
Luce Luety,lluetybq@google.it
Farly Lindermann,flindermannbr@opera.com
Angil Walbrook,awalbrookbs@multiply.com
Hildegaard Pendrey,hpendreybt@abc.net.au
Bab Storkes,bstorkesbu@simplemachines.org
Aldwin Rickersy,arickersybv@google.co.uk
Rubin Sibille,rsibillebw@businesswire.com
Terry Ahlf,tahlfbx@odnoklassniki.ru
Velvet Feldon,vfeldonby@blinklist.com
Rand Cleland,rclelandbz@disqus.com
Alyssa Dhennin,adhenninc0@wired.com
Terra Fenners,tfennersc1@about.com
Dulciana Shepherdson,dshepherdsonc2@prlog.org
Jade Rosie,jrosiec3@desdev.cn
Teresa Mungan,tmunganc4@flavors.me
Antoinette Humberstone,ahumberstonec5@miitbeian.gov.cn
Shawn Fahrenbacher,sfahrenbacherc6@wikimedia.org
Darin Swales,dswalesc7@wunderground.com
Ninon Lawrance,nlawrancec8@discovery.com
Randall Cases,rcasesc9@loc.gov
Mickie Addis,maddisca@de.vu
Olvan Pea,opeacb@youku.com
Marquita Toothill,mtoothillcc@prlog.org
Saree Atkin,satkincd@webnode.com
Jemimah Ahearne,jahearnece@nba.com
Griselda Braithwait,gbraithwaitcf@github.io
Reagen Bowart,rbowartcg@delicious.com
Joella Nassau,jnassauch@huffingtonpost.com
Jasmina Sollam,jsollamci@buzzfeed.com
Broderic MacDearmid,bmacdearmidcj@wired.com
Ann-marie McAteer,amcateerck@unesco.org
Pattie Jozsika,pjozsikacl@thetimes.co.uk
Adlai Lockart,alockartcm@slideshare.net
Shaine Dorken,sdorkencn@nyu.edu
Giordano Billingsley,gbillingsleyco@mashable.com
Pincas Borland,pborlandcp@prnewswire.com
Ursula Carhart,ucarhartcq@sun.com
Carla Duddell,cduddellcr@wired.com
Philippa Romain,promaincs@jiathis.com
Peria Welman,pwelmanct@altervista.org
Marietta Durman,mdurmancu@dagondesign.com
Tamar Cockshoot,tcockshootcv@omniture.com
Clywd Andrick,candrickcw@github.com
Imojean Izzett,iizzettcx@bing.com
Benni Sandbatch,bsandbatchcy@typepad.com
Olag Rostern,orosterncz@tamu.edu
Sidnee Preist,spreistd0@mit.edu
Ilsa Badder,ibadderd1@ameblo.jp
Babb McKevany,bmckevanyd2@smh.com.au
Mari Fosh,mfoshd3@over-blog.com
Arly Renac,arenacd4@fema.gov
Nathanil Estick,nestickd5@sun.com
Peggi Grunguer,pgrunguerd6@washingtonpost.com
Dael Drynan,ddrynand7@bbc.co.uk
Barbette Hollingsbee,bhollingsbeed8@virginia.edu
Ian Breens,ibreensd9@canalblog.com
Dana Hibbart,dhibbartda@ucoz.ru
Rufe Osbourn,rosbourndb@columbia.edu
Kellen Krop,kkropdc@acquirethisname.com
Jody Dymoke,jdymokedd@nps.gov
Miran Dossett,mdossettde@google.co.uk
Vernice Purser,vpurserdf@wix.com
Belle Morford,bmorforddg@wired.com
Yoshiko Sergison,ysergisondh@omniture.com
Jolyn Izchaki,jizchakidi@upenn.edu
Nikolai Doig,ndoigdj@reverbnation.com
Ynes Hughs,yhughsdk@youku.com
Rebeka Otley,rotleydl@dyndns.org
Robby Quilligan,rquilligandm@irs.gov
Clotilda Crump,ccrumpdn@desdev.cn
Sonia Boggers,sboggersdo@shinystat.com
Cozmo McInerney,cmcinerneydp@paypal.com
Ted Allden,talldendq@networkadvertising.org
Erwin Malletratt,emalletrattdr@imdb.com
Kevon Voller,kvollerds@soup.io
Marillin Manjot,mmanjotdt@ihg.com
Johnna Nisuis,jnisuisdu@gravatar.com
Rachelle Fassum,rfassumdv@prnewswire.com
Bride Hasty,bhastydw@upenn.edu
Noella McHaffy,nmchaffydx@cbsnews.com
Eadith Merrigans,emerrigansdy@illinois.edu
Morena Coole,mcooledz@meetup.com
Lefty Ricioppo,lricioppoe0@issuu.com
Gabriela de la Valette Parisot,gdee1@marriott.com
Carolyne Whapple,cwhapplee2@hc360.com
Damaris Marc,dmarce3@loc.gov
Slade Shave,sshavee4@craigslist.org
Hercules Brydell,hbrydelle5@ox.ac.uk
Bryana Waulker,bwaulkere6@state.gov
Brewer Matuszynski,bmatuszynskie7@sourceforge.net
Elisa Duxbarry,eduxbarrye8@umn.edu
Lombard Gransden,lgransdene9@merriam-webster.com
Lemmie Sephton,lsephtonea@tinypic.com
Augy Arnowitz,aarnowitzeb@mit.edu
Garv Scardefield,gscardefieldec@quantcast.com
Kessia Goldes,kgoldesed@ox.ac.uk
Ozzie Aldwick,oaldwickee@kickstarter.com
Diane-marie Haysar,dhaysaref@dell.com
Jamie Sitford,jsitfordeg@nytimes.com
Vallie Craster,vcrastereh@a8.net
Gwendolen Shave,gshaveei@loc.gov
Yulma Shorrock,yshorrockej@wikimedia.org
Drugi Goatman,dgoatmanek@twitter.com
Celestine McGavin,cmcgavinel@google.cn
Mord Jackling,mjacklingem@uol.com.br
Gris Jevons,gjevonsen@sphinn.com
Marv Trowel,mtroweleo@wikipedia.org
Brandy Porcher,bporcherep@comcast.net
Harmon Turbitt,hturbitteq@thetimes.co.uk
Carleton Clemmow,cclemmower@cornell.edu
Louisette Horder,lhorderes@ebay.co.uk
Brockie Tupper,btupperet@whitehouse.gov
Benedict Bossel,bbosseleu@parallels.com
Nickolas Bemrose,nbemroseev@nsw.gov.au
Bink Morfett,bmorfettew@uiuc.edu
Charita Hertwell,chertwellex@gov.uk
June Florio,jflorioey@umich.edu
Marna Ivakhnov,mivakhnovez@canalblog.com
Cort Parades,cparadesf0@usnews.com
Dollie Lazenby,dlazenbyf1@i2i.jp
Ardisj Halligan,ahalliganf2@arstechnica.com
Dannie Sherer,dshererf3@tumblr.com
Moritz Rzehor,mrzehorf4@illinois.edu
Yasmin Lindback,ylindbackf5@mapquest.com
Felecia Gladtbach,fgladtbachf6@wp.com
Lizzie Laffan,llaffanf7@illinois.edu
Karine Perillo,kperillof8@intel.com
Valentina Milburne,vmilburnef9@yahoo.co.jp
Ara Churcher,achurcherfa@businessinsider.com
Titos Duddell,tduddellfb@bbc.co.uk
Dorri Yakovliv,dyakovlivfc@businessweek.com
Keen Guido,kguidofd@unblog.fr
Abby Ovenell,aovenellfe@blogs.com
Lise Village,lvillageff@amazon.co.jp
Babita Pusill,bpusillfg@trellian.com
Ban Allridge,ballridgefh@oakley.com
Emlynne Lindwasser,elindwasserfi@domainmarket.com
Prissie Rayburn,prayburnfj@prnewswire.com
Pavla Keward,pkewardfk@toplist.cz
Ingaborg Jedrzejczak,ijedrzejczakfl@people.com.cn
Idaline Chismon,ichismonfm@microsoft.com
Emmery Dukelow,edukelowfn@nature.com
Cristine O'Mullaney,comullaneyfo@rakuten.co.jp
June Darco,jdarcofp@paypal.com
Eugine Hollington,ehollingtonfq@digg.com
Kimberlee Kalisz,kkaliszfr@oakley.com
Garald Amorts,gamortsfs@xinhuanet.com
Massimiliano Brodest,mbrodestft@linkedin.com
Barny Biesinger,bbiesingerfu@prlog.org
Romain Cotgrave,rcotgravefv@blogspot.com
Callie Day,cdayfw@illinois.edu
Lorne Pycock,lpycockfx@tamu.edu
Gilberta Argyle,gargylefy@bloglines.com
Lonnard Stevens,lstevensfz@hatena.ne.jp
Fanchon Sangster,fsangsterg0@forbes.com
Wit Grosier,wgrosierg1@cargocollective.com
Casie Shapiro,cshapirog2@yahoo.co.jp
Harry Redwing,hredwingg3@opensource.org
Persis Aspden,paspdeng4@google.com.au
Hali Pinson,hpinsong5@dot.gov
Conn Abramovici,cabramovicig6@telegraph.co.uk
Myrtie Nacey,mnaceyg7@spiegel.de
Massimo Chastand,mchastandg8@sogou.com
Melloney Fryd,mfrydg9@statcounter.com
Pinchas Ebanks,pebanksga@springer.com
Vale Bagshawe,vbagshawegb@wordpress.com
Mireille Raccio,mracciogc@apache.org
Gianni Mildenhall,gmildenhallgd@nydailynews.com
Georges O'Corrane,gocorranege@is.gd
Staffard Readshaw,sreadshawgf@auda.org.au
Carolee Radbone,cradbonegg@addthis.com
Lauraine Cure,lcuregh@springer.com
Delilah Goslin,dgoslingi@godaddy.com
Crawford Foyster,cfoystergj@123-reg.co.uk
Melisenda Batchley,mbatchleygk@xrea.com
Melina Pettifer,mpettifergl@comcast.net
Codi Fowley,cfowleygm@cyberchimps.com
Florinda Harpur,fharpurgn@dion.ne.jp
Remington Pavlenkov,rpavlenkovgo@addtoany.com
Darsie Finlry,dfinlrygp@imageshack.us
Fania Bettanay,fbettanaygq@google.pl
Catha Burt,cburtgr@behance.net
Katharyn Whorton,kwhortongs@boston.com
Ax Bernlin,abernlingt@cbslocal.com
Jillane Cummungs,jcummungsgu@comsenz.com
Petunia Chatelet,pchateletgv@xinhuanet.com
Eward Chance,echancegw@ycombinator.com
Gerhardine Silverton,gsilvertongx@weebly.com
Dollie Abraham,dabrahamgy@wikia.com
Bibbie Shorland,bshorlandgz@zdnet.com
Kerwin Corrie,kcorrieh0@ameblo.jp
Dionisio Scorthorne,dscorthorneh1@uiuc.edu
Marta Bilofsky,mbilofskyh2@wired.com
Elli Deakes,edeakesh3@multiply.com
Ferdy Macconachy,fmacconachyh4@jigsy.com
Alexandre Veillard,aveillardh5@disqus.com
Adrienne Learoyd,alearoydh6@virginia.edu
Carolynn Mewton,cmewtonh7@live.com
Laurel Todaro,ltodaroh8@amazon.co.jp
Bryn Tayspell,btayspellh9@github.io
Hesther Butchard,hbutchardha@adobe.com
Ricca Colling,rcollinghb@sbwire.com
Beatrice Cheetham,bcheethamhc@statcounter.com
Caroline Searles,csearleshd@oakley.com
Dean Eddowis,deddowishe@ning.com
Lonee Seedhouse,lseedhousehf@360.cn
Kaleena McLeary,kmclearyhg@mysql.com
Hunfredo Siemianowicz,hsiemianowiczhh@mac.com
Suzie Cordsen,scordsenhi@dailymotion.com
Wendy Llewellen,wllewellenhj@npr.org
Trumaine Cake,tcakehk@printfriendly.com
Dennie Dinesen,ddinesenhl@dailymail.co.uk
Mada Kerbler,mkerblerhm@shutterfly.com
Ulla Trase,utrasehn@virginia.edu
Susanetta Guilbert,sguilbertho@hugedomains.com
Tiertza Lennarde,tlennardehp@irs.gov
Eugine Wickersham,ewickershamhq@51.la
Thorpe Goulden,tgouldenhr@google.co.jp
Rosy Clerk,rclerkhs@redcross.org
Stanfield Klain,sklainht@bravesites.com
Burke Giffin,bgiffinhu@dell.com
Jamey Figge,jfiggehv@yolasite.com
Arabella Witts,awittshw@irs.gov
Easter Isaacson,eisaacsonhx@archive.org
Ophelie Crosby,ocrosbyhy@vinaora.com
Rikki Lukianovich,rlukianovichhz@vistaprint.com
Bronnie Scottrell,bscottrelli0@delicious.com
Anne-corinne Beste,abestei1@tripadvisor.com
Chauncey Coventry,ccoventryi2@dyndns.org
Meggy Iggalden,miggaldeni3@chron.com
Augustus Bixley,abixleyi4@cafepress.com
Tobey Digby,tdigbyi5@phoca.cz
Marjory Prantoni,mprantonii6@ft.com
Sigmund McQuaide,smcquaidei7@irs.gov
Danica Beccles,dbecclesi8@apple.com
Ashley Alps,aalpsi9@miibeian.gov.cn
Brod Pactat,bpactatia@last.fm
Thaddeus Bagenal,tbagenalib@ovh.net
Elden Ceaser,eceaseric@miibeian.gov.cn
Rand Dulin,rdulinid@surveymonkey.com
Claudine McCaghan,cmccaghanie@dailymotion.com
Tedman Humbert,thumbertif@tiny.cc
Jayme Nanetti,jnanettiig@google.es
Urson Peagram,upeagramih@imgur.com
Junina Hassell,jhassellii@google.co.uk
Marylou Minster,mminsterij@europa.eu
Benyamin Clementucci,bclementucciik@amazon.com
Cordy Haverty,chavertyil@blog.com
Ferd Gidley,fgidleyim@gizmodo.com
Marijo Jope,mjopein@behance.net
Brod Sitlington,bsitlingtonio@e-recht24.de
Homerus Stanyard,hstanyardip@xinhuanet.com
Niki Vasile,nvasileiq@kickstarter.com
Lorenzo Annes,lannesir@earthlink.net
Karlik Dewsbury,kdewsburyis@gov.uk
Tann Farfoot,tfarfootit@fda.gov
Morissa Northbridge,mnorthbridgeiu@slideshare.net
Tuck Eilers,teilersiv@topsy.com
Everard Gundry,egundryiw@stumbleupon.com
Phillie Dreier,pdreierix@tinyurl.com
Alexandra Fayne,afayneiy@unc.edu
Jojo Bowdrey,jbowdreyiz@scientificamerican.com
Devora Ughelli,dughellij0@hc360.com
Carma Gepp,cgeppj1@businessinsider.com
Jemimah Pegg,jpeggj2@spotify.com
Sibel Trousdell,strousdellj3@wiley.com
Nathanial Girardy,ngirardyj4@uol.com.br
Anthea Richichi,arichichij5@accuweather.com
Nicholas Boness,nbonessj6@acquirethisname.com
Moll Boleyn,mboleynj7@amazon.com
Kelci Minghi,kminghij8@skype.com
Patrice Kaminski,pkaminskij9@time.com
Maurie Munns,mmunnsja@people.com.cn
Ciel Balham,cbalhamjb@xing.com
Winni Witcomb,wwitcombjc@imdb.com
Harlie Baike,hbaikejd@census.gov
Brade Medway,bmedwayje@gov.uk
Evelina Hurdiss,ehurdissjf@paginegialle.it
Cayla Skoggins,cskogginsjg@marketwatch.com
Brandi Shilton,bshiltonjh@wisc.edu
Horace Brockhouse,hbrockhouseji@statcounter.com
Adda Wolsey,awolseyjj@gmpg.org
Cinderella Paolozzi,cpaolozzijk@devhub.com
Miof mela Hurren,mmelajl@rediff.com
Teresa Witsey,twitseyjm@zimbio.com
Lisette Angrove,langrovejn@furl.net
Sherwin Lill,slilljo@github.com
Delphine Mains,dmainsjp@pbs.org
Vasilis Matzkaitis,vmatzkaitisjq@cnbc.com
Lindi Warboys,lwarboysjr@reddit.com
Amber McGenis,amcgenisjs@flickr.com
Philis Bradlaugh,pbradlaughjt@a8.net
Aylmar Horlock,ahorlockju@seattletimes.com
Nariko Congram,ncongramjv@pagesperso-orange.fr
Padraig Sorrel,psorreljw@utexas.edu
Denver Rochelle,drochellejx@delicious.com
Antons Cotsford,acotsfordjy@wsj.com
Ollie Densie,odensiejz@statcounter.com
Tootsie Kolakovic,tkolakovick0@ocn.ne.jp
Nicola Duham,nduhamk1@reddit.com
Mendel McBratney,mmcbratneyk2@liveinternet.ru
Maribel Gronaller,mgronallerk3@ed.gov
Roldan Henighan,rhenighank4@fastcompany.com
April Tidridge,atidridgek5@sphinn.com
Ossie Server,oserverk6@hexun.com
Flss Yurkov,fyurkovk7@shareasale.com
Odette Posner,oposnerk8@woothemes.com
Abbey Vobes,avobesk9@unesco.org
Jesse Hedges,jhedgeska@friendfeed.com
Ramsay Olpin,rolpinkb@dailymotion.com
Emilie Toping,etopingkc@bravesites.com
Cooper Titchmarsh,ctitchmarshkd@weather.com
Cacilia California,ccaliforniake@vinaora.com
Ally Palomba,apalombakf@myspace.com
Nicolis Beyne,nbeynekg@printfriendly.com
Karalynn Ackred,kackredkh@nytimes.com
Hasheem Klemenz,hklemenzki@time.com
Simmonds Murton,smurtonkj@nhs.uk
Storm Brooksbank,sbrooksbankkk@homestead.com
Quentin Berkelay,qberkelaykl@statcounter.com
Lula Pedrick,lpedrickkm@over-blog.com
Aleksandr Lyne,alynekn@google.es
Mina Lucian,mlucianko@cbslocal.com
Grange Sammut,gsammutkp@twitpic.com
Broderick Croisdall,bcroisdallkq@engadget.com
Ephraim Beiderbecke,ebeiderbeckekr@youtu.be
Whitman Dibbert,wdibbertks@dyndns.org
Dennie Betjes,dbetjeskt@odnoklassniki.ru
Tammy Loade,tloadeku@examiner.com
Ally Gyford,agyfordkv@artisteer.com
Rona Siveter,rsiveterkw@hubpages.com
Sinclare Trittam,strittamkx@yale.edu
Myrilla MacGinney,mmacginneyky@amazon.co.uk
Coleen Lerven,clervenkz@quantcast.com
Kelley Aggett,kaggettl0@oakley.com
Raine Sline,rslinel1@blinklist.com
Kassi Dell 'Orto,kdelll2@jugem.jp
Robbin Yakushkev,ryakushkevl3@nyu.edu
Verne Parbrook,vparbrookl4@virginia.edu
Sheffie Parffrey,sparffreyl5@lycos.com
Lauri Verissimo,lverissimol6@g.co
Luciano Cinderey,lcindereyl7@psu.edu
Adah Thornborrow,athornborrowl8@wp.com
Jehu Spellecy,jspellecyl9@zdnet.com
Forrester Feedome,ffeedomela@tripadvisor.com
Percy Stainburn,pstainburnlb@prweb.com
Vanna Foucher,vfoucherlc@nifty.com
Dane Gabotti,dgabottild@drupal.org
Sutherlan Pecey,speceyle@ustream.tv
Annemarie Terrington,aterringtonlf@bluehost.com
Grantham Doncom,gdoncomlg@indiatimes.com
Leigh Dallon,ldallonlh@npr.org
Melva Cheeke,mcheekeli@usgs.gov
Zachariah Tinkler,ztinklerlj@constantcontact.com
Ray Cornfield,rcornfieldlk@feedburner.com
Guido Kelling,gkellingll@stumbleupon.com
Ginnie Marmyon,gmarmyonlm@wikipedia.org
Bartel Canfer,bcanferln@mozilla.com
Garrard De Bernardi,gdelo@huffingtonpost.com
Umberto Fearick,ufearicklp@va.gov
Kearney Quibell,kquibelllq@globo.com
Chad Colling,ccollinglr@photobucket.com
Galina Fawks,gfawksls@oracle.com
Kit Caps,kcapslt@nih.gov
Natka Gerasch,ngeraschlu@vimeo.com
Lou Pentecost,lpentecostlv@who.int
Tammie Glavin,tglavinlw@wikimedia.org
Marve Asty,mastylx@printfriendly.com
Yetta Donwell,ydonwellly@marketwatch.com
Mal Medmore,mmedmorelz@bloglines.com
Magda Cestard,mcestardm0@cdbaby.com
Brig Vescovini,bvescovinim1@free.fr
Em Arkcoll,earkcollm2@epa.gov
Maxy Barnfield,mbarnfieldm3@4shared.com
Petr Squirrell,psquirrellm4@typepad.com
Darci Grzeszczyk,dgrzeszczykm5@columbia.edu
Aridatha Midlar,amidlarm6@wufoo.com
Brandy Ungerecht,bungerechtm7@yellowpages.com
Nettle Faircliffe,nfaircliffem8@miibeian.gov.cn
Guss Hastler,ghastlerm9@tiny.cc
Artemis Cianni,aciannima@cam.ac.uk
Caspar Gromley,cgromleymb@yahoo.co.jp
Georgina Klambt,gklambtmc@blogspot.com
Hailee Kreber,hkrebermd@arstechnica.com
Meir Tuerena,mtuerename@biblegateway.com
Heath MacKeever,hmackeevermf@yandex.ru
Teresa Effemy,teffemymg@arizona.edu
Lockwood Dulin,ldulinmh@sina.com.cn
Gibb Lofts,gloftsmi@opensource.org
Gerianna Sutherley,gsutherleymj@tripod.com
Kelly Casson,kcassonmk@un.org
Dulce Shambrooke,dshambrookeml@wikia.com
Alana Berresford,aberresfordmm@unicef.org
Dalenna Cleworth,dcleworthmn@paypal.com
Felicity Carl,fcarlmo@miitbeian.gov.cn
Karil Paylor,kpaylormp@rediff.com
Fred Castelluzzi,fcastelluzzimq@google.pl
Gerrilee Pennazzi,gpennazzimr@google.es
Thornton Hurdis,thurdisms@wikispaces.com
Vinny Korpal,vkorpalmt@slideshare.net
Collen Scarfe,cscarfemu@exblog.jp
Giacomo Dearnly,gdearnlymv@squarespace.com
Celka Browncey,cbrownceymw@chronoengine.com
Wendall Titchener,wtitchenermx@whitehouse.gov
Dee dee Balma,ddeemy@wp.com
Putnem Cracker,pcrackermz@github.io
Dottie Gossipin,dgossipinn0@buzzfeed.com
Glynis Jonathon,gjonathonn1@oracle.com
Che Bartkiewicz,cbartkiewiczn2@tiny.cc
Rhody Dragonette,rdragonetten3@google.es
Simona Tokell,stokelln4@macromedia.com
Marisa Shimmans,mshimmansn5@sciencedirect.com
Marcelline Caston,mcastonn6@icq.com
Torrie Peres,tperesn7@alexa.com
Valeda Sayles,vsaylesn8@earthlink.net
Eugene Peachman,epeachmann9@zdnet.com
Gallagher Denholm,gdenholmna@liveinternet.ru
Sigismond Spray,sspraynb@google.de
Curran Pennyman,cpennymannc@bloglovin.com
Sherri Watters,swattersnd@mediafire.com
Franni Jeroch,fjerochne@reference.com
Yoshi Clemmen,yclemmennf@tmall.com
Port Fedorchenko,pfedorchenkong@hugedomains.com
Ammamaria Cescotti,acescottinh@berkeley.edu
Roberta Wogan,rwoganni@ow.ly
Gail McGucken,gmcguckennj@google.it
Cheri Earwaker,cearwakernk@deviantart.com
Shanan Ivantsov,sivantsovnl@discovery.com
Natalee Lewtey,nlewteynm@facebook.com
Abbey Cullity,acullitynn@prweb.com
Waly McCaughran,wmccaughranno@hibu.com
Angelle Flatt,aflattnp@reuters.com
Dinnie Samsworth,dsamsworthnq@chicagotribune.com
Sly Trevethan,strevethannr@wired.com
Mikel Purcer,mpurcerns@ucoz.com
Monty Mullaly,mmullalynt@eventbrite.com
Sashenka Antonias,santoniasnu@mapquest.com
Gunther Folks,gfolksnv@storify.com
Gussie Dulanty,gdulantynw@amazonaws.com
Sigfried Scarse,sscarsenx@mayoclinic.com
Tiffy MacFaul,tmacfaulny@odnoklassniki.ru
Kalie Charopen,kcharopennz@imgur.com
Venus Larcier,vlarciero0@chronoengine.com
Phylys Thurby,pthurbyo1@chicagotribune.com
Beverie Burnyeat,bburnyeato2@shop-pro.jp
Rock Roadknight,rroadknighto3@unicef.org
Wain Grange,wgrangeo4@bloomberg.com
Shadow Thomasson,sthomassono5@pinterest.com
Lisetta Matijasevic,lmatijasevico6@printfriendly.com
Katerina Braga,kbragao7@artisteer.com
Chick Kobus,ckobuso8@redcross.org
Orelee Faldo,ofaldoo9@mail.ru
Veronika Krysztofowicz,vkrysztofowiczoa@wisc.edu
Aharon Pautard,apautardob@goo.gl
Ophelia Cochet,ocochetoc@oaic.gov.au
Dalenna Roll,drollod@latimes.com
Lesley Rigden,lrigdenoe@amazon.co.jp
Marysa Blayd,mblaydof@nydailynews.com
Donnie Cockrell,dcockrellog@pen.io
Adelice Smorthit,asmorthitoh@sbwire.com
Luce Clementet,lclementetoi@hugedomains.com
Win Mowsdell,wmowsdelloj@prweb.com
Tatum Wythe,twytheok@youtu.be
Riannon Saterthwait,rsaterthwaitol@skype.com
Christan Dykas,cdykasom@networksolutions.com
Darice McVitty,dmcvittyon@bloglovin.com
Georgy Rollo,grollooo@wordpress.com
Arleen Tranter,atranterop@answers.com
Alexandrina Brendeke,abrendekeoq@addtoany.com
Cly Oldridge,coldridgeor@unc.edu
Gilbertina Upwood,gupwoodos@issuu.com
Myer Neeves,mneevesot@ca.gov
Kimble Menichillo,kmenichilloou@networkadvertising.org
Kare Kinchley,kkinchleyov@wufoo.com
Livvie Broddle,lbroddleow@mapquest.com
Chris Helversen,chelversenox@omniture.com
Alli Bodimeade,abodimeadeoy@mashable.com
Darya Blasio,dblasiooz@indiatimes.com
Demetrius MacRury,dmacruryp0@soundcloud.com
Alf Tott,atottp1@google.co.jp
Rubina Ghiroldi,rghiroldip2@abc.net.au
Dorette Noto,dnotop3@soundcloud.com
Rozanne McClory,rmccloryp4@gizmodo.com
Ashlen Ovendale,aovendalep5@cdbaby.com
Peyter Villaret,pvillaretp6@gravatar.com
Page Scullion,pscullionp7@squidoo.com
Delainey Longman,dlongmanp8@utexas.edu
Janaye Speke,jspekep9@phoca.cz
Hy O'Keeffe,hokeeffepa@themeforest.net
Tiertza Allston,tallstonpb@intel.com
Gerianne Northing,gnorthingpc@comsenz.com
Bearnard Winridge,bwinridgepd@google.de
Verile Engeham,vengehampe@arizona.edu
Morry Cumpsty,mcumpstypf@ovh.net
Tailor Bilson,tbilsonpg@google.com.br
Rayna Petrello,rpetrelloph@nifty.com
Toddie Mabbutt,tmabbuttpi@java.com
Gusta Sargood,gsargoodpj@answers.com
Teddie Swetland,tswetlandpk@angelfire.com
Marnia Lerhinan,mlerhinanpl@amazon.co.jp
Cullin Ashleigh,cashleighpm@dion.ne.jp
Kyla Dmiterko,kdmiterkopn@techcrunch.com
Gilligan Tureville,gturevillepo@phpbb.com
Devina Gilbart,dgilbartpp@usa.gov
Hugues Stenner,hstennerpq@rediff.com
Elden Barnish,ebarnishpr@joomla.org
Carlo Aitken,caitkenps@prnewswire.com
Mira Kleynen,mkleynenpt@cbslocal.com
Nils Cuthbert,ncuthbertpu@wordpress.org
Kendall Glaze,kglazepv@telegraph.co.uk
Dalenna Kenton,dkentonpw@cbsnews.com
Ninnetta Nutbean,nnutbeanpx@pen.io
Doro Swendell,dswendellpy@blogs.com
Lynnett Deeney,ldeeneypz@privacy.gov.au
Evelina Garment,egarmentq0@ifeng.com
Mari Proudlock,mproudlockq1@ocn.ne.jp
Aeriela Willans,awillansq2@webmd.com
Datha MacKettrick,dmackettrickq3@ifeng.com
Zachary Bishopp,zbishoppq4@berkeley.edu
Stephannie Baumler,sbaumlerq5@canalblog.com
Kristyn Kew,kkewq6@wikia.com
Cart Cruse,ccruseq7@barnesandnoble.com
Zed Goadsby,zgoadsbyq8@lulu.com
Gawen Shapiro,gshapiroq9@addtoany.com
Rollin Mogie,rmogieqa@indiatimes.com
Lynna Guillond,lguillondqb@nih.gov
Jessa Drennan,jdrennanqc@uol.com.br
Marjory Rootham,mroothamqd@livejournal.com
Carilyn Hundal,chundalqe@wikipedia.org
Kaine Pickaver,kpickaverqf@cdc.gov
Christina Manna,cmannaqg@skyrock.com
Parrnell Abeles,pabelesqh@epa.gov
Clair Letteresse,cletteresseqi@samsung.com
Xena Bowes,xbowesqj@cornell.edu
Denney Senechault,dsenechaultqk@bizjournals.com
Solly Bromage,sbromageql@google.it
Cal Juorio,cjuorioqm@fema.gov
Rickert Jinda,rjindaqn@arizona.edu
Ingaborg Vautin,ivautinqo@wired.com
Mile Teacy,mteacyqp@paypal.com
Deirdre Adel,dadelqq@godaddy.com
Pia Bromley,pbromleyqr@yahoo.com
Rozamond Gooms,rgoomsqs@pinterest.com
Violetta Blinckhorne,vblinckhorneqt@cam.ac.uk
Michail Simonnin,msimonninqu@addtoany.com
Flinn Barthrop,fbarthropqv@newyorker.com
Sandra Galliard,sgalliardqw@washington.edu
Hi MacBean,hmacbeanqx@360.cn
Napoleon Carwardine,ncarwardineqy@latimes.com
Yoshi Commuzzo,ycommuzzoqz@wikipedia.org
Norman Gartell,ngartellr0@indiatimes.com
Marcello Keig,mkeigr1@eepurl.com
Becca Powley,bpowleyr2@discovery.com
Minnnie D'Aguanno,mdaguannor3@samsung.com
Suzann Parratt,sparrattr4@surveymonkey.com
Vivianne Howell,vhowellr5@fema.gov
Marsiella Sadd,msaddr6@ezinearticles.com
Sonnie Bovingdon,sbovingdonr7@tripadvisor.com
Bertie Simkiss,bsimkissr8@mit.edu
Ange Cumesky,acumeskyr9@dyndns.org
Kendricks Reek,kreekra@yandex.ru
Gerty Otridge,gotridgerb@narod.ru
Sarge Stride,sstriderc@globo.com
Rafaelita Brownill,rbrownillrd@craigslist.org
Ddene Snalham,dsnalhamre@hostgator.com
Enrichetta Ellick,eellickrf@mail.ru
Marrissa Ilive,miliverg@fastcompany.com
Kennith Rogerson,krogersonrh@sakura.ne.jp
Dennison Andreucci,dandreucciri@linkedin.com
Beckie Drover,bdroverrj@joomla.org
Madeline Simonaitis,msimonaitisrk@chicagotribune.com
Dolf Bantick,dbantickrl@sourceforge.net
Sebastian Lyness,slynessrm@google.co.uk
Spenser Perche,sperchern@example.com
Bengt McGall,bmcgallro@paypal.com
Maridel Facher,mfacherrp@sitemeter.com
Evyn Clipson,eclipsonrq@weebly.com
Allan Mc Meekan,amcrr@nationalgeographic.com
