ime,email
Shelba Pitney,spitney0@wix.com
Matthiew Sillito,msillito1@ustream.tv
Garrott Esslement,gesslement2@tumblr.com
Clim Kerans,ckerans3@washingtonpost.com
Jobye Yeoman,jyeoman4@webmd.com
Dionisio Pyle,dpyle5@aol.com
Richmond Klaesson,rklaesson6@youtu.be
Sarine Bagott,sbagott7@t-online.de
Fritz Battram,fbattram8@mayoclinic.com
Meryl Adolphine,madolphine9@guardian.co.uk
Parrnell Jacques,pjacquesa@wikispaces.com
Granny Gripton,ggriptonb@ocn.ne.jp
Pall Seiffert,pseiffertc@example.com
Grange List,glistd@prlog.org
Jennine Heskin,jheskine@comcast.net
Guillema Halfhide,ghalfhidef@mashable.com
Karissa Rustich,krustichg@time.com
Guglielmo Arnefield,garnefieldh@symantec.com
Paola Farron,pfarroni@wordpress.com
Thornton Hedgecock,thedgecockj@squarespace.com
Chelsie Caird,ccairdk@gizmodo.com
Palmer Rawsthorne,prawsthornel@google.es
Justine Humpage,jhumpagem@hubpages.com
Oswald Leverich,oleverichn@apple.com
Mariska Broadwood,mbroadwoodo@ezinearticles.com
Yvon Winspurr,ywinspurrp@homestead.com
Barnie Cowins,bcowinsq@mediafire.com
Kingsly Rowley,krowleyr@mediafire.com
Michaelina Larn,mlarns@google.pl
Kacey Boddy,kboddyt@geocities.jp
Trudey Simmonds,tsimmondsu@china.com.cn
Elayne Vaskin,evaskinv@spotify.com
Jules Well,jwellw@addthis.com
Cherice Fleet,cfleetx@gnu.org
Rowney Richard,rrichardy@ocn.ne.jp
Kacy Reely,kreelyz@domainmarket.com
Jacky McGonnell,jmcgonnell10@dropbox.com
Lynn Swadlinge,lswadlinge11@examiner.com
Iolanthe Godson,igodson12@jigsy.com
Janeen Mechell,jmechell13@economist.com
Davide Radoux,dradoux14@privacy.gov.au
Eula Ghelardi,eghelardi15@businessweek.com
Allie Jewell,ajewell16@upenn.edu
Erhard Pinnere,epinnere17@addthis.com
Ross Flecknoe,rflecknoe18@slate.com
Valry Bonhill,vbonhill19@xinhuanet.com
Odessa Duffil,oduffil1a@wsj.com
Rosette Adger,radger1b@msn.com
Reggie Shimon,rshimon1c@chron.com
Dory McBlain,dmcblain1d@home.pl
Maurise Peppard,mpeppard1e@youku.com
Randal De L'Isle,rde1f@nytimes.com
Aindrea McNea,amcnea1g@yahoo.com
Ondrea Eastwell,oeastwell1h@unesco.org
Denny Adamov,dadamov1i@twitpic.com
Ruby Dow,rdow1j@sogou.com
Garrek Doeg,gdoeg1k@europa.eu
Steffie Gittoes,sgittoes1l@jimdo.com
Wood Gillhespy,wgillhespy1m@163.com
Starlin Dressell,sdressell1n@weibo.com
Townsend Diggons,tdiggons1o@bloglovin.com
Nert Petersen,npetersen1p@usnews.com
Benji Bruinemann,bbruinemann1q@topsy.com
Julius Pringle,jpringle1r@seesaa.net
Merl O'Carmody,mocarmody1s@wired.com
Yasmin Gibard,ygibard1t@storify.com
Ulrika Garner,ugarner1u@howstuffworks.com
Alicea Twell,atwell1v@auda.org.au
Boigie Schust,bschust1w@blogspot.com
Koralle Sarchwell,ksarchwell1x@cdbaby.com
Amara Hinkensen,ahinkensen1y@infoseek.co.jp
Annnora Bayldon,abayldon1z@hud.gov
Kristian Cockaday,kcockaday20@is.gd
Pembroke Batty,pbatty21@elpais.com
Janey Cozby,jcozby22@deliciousdays.com
Foss Rime,frime23@usnews.com
Gerard Mc Gorley,gmc24@dot.gov
Katya Ottawell,kottawell25@si.edu
Klaus Byforth,kbyforth26@deviantart.com
Fidelio Pedder,fpedder27@51.la
Essie Hember,ehember28@europa.eu
Alysa Heelis,aheelis29@4shared.com
Eudora MacAskill,emacaskill2a@imageshack.us
Arleyne Dobkin,adobkin2b@istockphoto.com
Fabien Sandcraft,fsandcraft2c@w3.org
Aimee Leaburn,aleaburn2d@ameblo.jp
Nicholas Headech,nheadech2e@economist.com
Alex Burchnall,aburchnall2f@de.vu
Yuma Lowles,ylowles2g@toplist.cz
Alick Mayo,amayo2h@sitemeter.com
Pepito Simla,psimla2i@devhub.com
Cliff Lyddyard,clyddyard2j@narod.ru
Vaughn Corris,vcorris2k@edublogs.org
Daveta Becket,dbecket2l@lycos.com
Gabe Guyon,gguyon2m@blogspot.com
Celie Frisdick,cfrisdick2n@barnesandnoble.com
Netta Lakes,nlakes2o@latimes.com
Shela Florio,sflorio2p@usgs.gov
Robinia Speaks,rspeaks2q@washington.edu
Marion Sidwick,msidwick2r@spiegel.de
Hunfredo Findlow,hfindlow2s@cnn.com
Tiphani Quinsee,tquinsee2t@networkadvertising.org
Jamill Macias,jmacias2u@free.fr
Warde Cleever,wcleever2v@exblog.jp
Adriena McDoual,amcdoual2w@wsj.com
Baxie Stabbins,bstabbins2x@xrea.com
Kelila Ferraresi,kferraresi2y@w3.org
Carleton Slocumb,cslocumb2z@simplemachines.org
Kali Rozzell,krozzell30@last.fm
Roddie Szabo,rszabo31@fastcompany.com
Ilsa Collomosse,icollomosse32@cnbc.com
Filippa Symondson,fsymondson33@github.io
Samson Burleton,sburleton34@friendfeed.com
Sandi Fotheringham,sfotheringham35@forbes.com
Reinaldos Beynke,rbeynke36@amazonaws.com
Hersh Ryan,hryan37@privacy.gov.au
Winston Sheerin,wsheerin38@ustream.tv
Trueman Lutsch,tlutsch39@ucoz.ru
Minni Shier,mshier3a@dagondesign.com
Arlin Breckell,abreckell3b@un.org
Cirstoforo Staig,cstaig3c@geocities.com
Angelico Dusey,adusey3d@163.com
Rica Lau,rlau3e@jalbum.net
Kimmy Navarijo,knavarijo3f@reverbnation.com
Quintin Bynert,qbynert3g@stanford.edu
Tobey Walsham,twalsham3h@w3.org
Barbra Seamer,bseamer3i@1und1.de
Wood Plimmer,wplimmer3j@netscape.com
Shayne Wontner,swontner3k@github.com
Pier Flacke,pflacke3l@yolasite.com
Annmaria Bellanger,abellanger3m@merriam-webster.com
Mary Brooks,mbrooks3n@slate.com
Kleon Waldock,kwaldock3o@phoca.cz
Ola Sings,osings3p@yellowbook.com
Ezekiel Hughlin,ehughlin3q@over-blog.com
Erik Stonman,estonman3r@51.la
Leese Simenot,lsimenot3s@latimes.com
Llywellyn Geleman,lgeleman3t@dropbox.com
Buddy Clopton,bclopton3u@whitehouse.gov
Alexina Kilian,akilian3v@pagesperso-orange.fr
Barbabas Pierro,bpierro3w@cmu.edu
Auroora Posnett,aposnett3x@ftc.gov
Nadiya Pickervance,npickervance3y@cnn.com
Goddart Cordet,gcordet3z@slate.com
Odessa Raubenheimers,oraubenheimers40@wikipedia.org
Tootsie Blaxton,tblaxton41@rediff.com
Tracey Jaine,tjaine42@uiuc.edu
Aura Perview,aperview43@umich.edu
Vince Lorentz,vlorentz44@unesco.org
Isacco Macallam,imacallam45@vistaprint.com
Walt Spry,wspry46@usa.gov
Basilio Gregolin,bgregolin47@latimes.com
Grethel Lacelett,glacelett48@weather.com
Haleigh Steane,hsteane49@google.cn
Etta McCaghan,emccaghan4a@mozilla.com
Karie Grzelewski,kgrzelewski4b@intel.com
Priscilla Reilingen,preilingen4c@wordpress.com
Hadley Hargie,hhargie4d@simplemachines.org
Marthe Mordey,mmordey4e@wikipedia.org
Modestia Instone,minstone4f@walmart.com
Fredrika Semiras,fsemiras4g@wordpress.org
Kelvin Haddon,khaddon4h@tamu.edu
Dorisa MacUchadair,dmacuchadair4i@cam.ac.uk
Ashil Stookes,astookes4j@businessweek.com
Janaya Cocklie,jcocklie4k@pcworld.com
Andros Vasnev,avasnev4l@flickr.com
Blinny Menear,bmenear4m@dion.ne.jp
Timmie Raincin,traincin4n@dell.com
Aretha Edghinn,aedghinn4o@jiathis.com
Atalanta Hundall,ahundall4p@domainmarket.com
Leanora Riddock,lriddock4q@bizjournals.com
Geralda Allsup,gallsup4r@yandex.ru
Regan Eskrigge,reskrigge4s@uol.com.br
Rick Yushachkov,ryushachkov4t@mozilla.org
Sheba Mockes,smockes4u@whitehouse.gov
Selle Wick,swick4v@wired.com
Neddie Leeds,nleeds4w@answers.com
Ellis Sibson,esibson4x@springer.com
Gordie Collip,gcollip4y@google.pl
Olivie Glancy,oglancy4z@bbc.co.uk
Berny Baily,bbaily50@nhs.uk
Meggi Torry,mtorry51@nba.com
Alaster Casotti,acasotti52@e-recht24.de
Rudie Brownsworth,rbrownsworth53@mac.com
See Lumsdall,slumsdall54@cornell.edu
Bev Jeannard,bjeannard55@networkadvertising.org
Eydie Feldberger,efeldberger56@epa.gov
Anne-marie Moggan,amoggan57@go.com
Griff Varren,gvarren58@studiopress.com
Andy Thorneloe,athorneloe59@yandex.ru
Edlin Le Noire,ele5a@cpanel.net
Benedetta Sapseed,bsapseed5b@com.com
Mindy Kristoffersen,mkristoffersen5c@dion.ne.jp
Geordie Littlefair,glittlefair5d@google.com.br
Dyann Breache,dbreache5e@dagondesign.com
Ingunna Dilks,idilks5f@pagesperso-orange.fr
Zollie Fluck,zfluck5g@simplemachines.org
Purcell Madle,pmadle5h@virginia.edu
Freedman Baldry,fbaldry5i@xing.com
Rayner Marti,rmarti5j@unc.edu
Lindsy Divall,ldivall5k@shutterfly.com
Willy Agiolfinger,wagiolfinger5l@bloglovin.com
Chloette Cherrett,ccherrett5m@youtube.com
Dunc Tugman,dtugman5n@cocolog-nifty.com
Earle Frangione,efrangione5o@google.co.uk
Torie Eagling,teagling5p@rediff.com
Byran Christoffe,bchristoffe5q@shinystat.com
Jinny Schollar,jschollar5r@google.co.jp
Natala Donati,ndonati5s@youtu.be
Rebbecca Peacop,rpeacop5t@marketwatch.com
Gilly Kinsley,gkinsley5u@wikipedia.org
Sapphira Jeromson,sjeromson5v@amazon.de
Rodrique Cheverton,rcheverton5w@imgur.com
Eran Finnan,efinnan5x@geocities.com
Parker Yokel,pyokel5y@pbs.org
Nerissa Maryott,nmaryott5z@hud.gov
Rozella Borless,rborless60@yelp.com
Issiah Thurlby,ithurlby61@washingtonpost.com
Shep Heberden,sheberden62@dailymail.co.uk
Clemente Endrighi,cendrighi63@sina.com.cn
Paloma Morehall,pmorehall64@bloglines.com
Maureene Normanvill,mnormanvill65@yellowbook.com
Durante Garmanson,dgarmanson66@mashable.com
Barbe Emons,bemons67@addthis.com
Bran Grocutt,bgrocutt68@uol.com.br
Forest Rudinger,frudinger69@google.ca
Silas Tithecott,stithecott6a@google.fr
Rita Sutherland,rsutherland6b@issuu.com
Michelle Occleshaw,moccleshaw6c@weather.com
Helli Hoston,hhoston6d@google.pl
Austin Tees,atees6e@examiner.com
Elonore Paige,epaige6f@altervista.org
Worthington Motton,wmotton6g@ustream.tv
Niko O'Shevlan,noshevlan6h@tiny.cc
Garfield Aimson,gaimson6i@multiply.com
Fan Lashbrook,flashbrook6j@typepad.com
Theodosia Robotham,trobotham6k@php.net
Faunie Pieracci,fpieracci6l@4shared.com
Hannis Giorgetti,hgiorgetti6m@jigsy.com
Carolynn Greenlees,cgreenlees6n@seattletimes.com
Asher Sidle,asidle6o@yolasite.com
Conn Doudney,cdoudney6p@yandex.ru
Marlie Kenrack,mkenrack6q@cnbc.com
Mylo Duesberry,mduesberry6r@so-net.ne.jp
Minda Rabbitt,mrabbitt6s@jugem.jp
Alyssa Neill,aneill6t@usatoday.com
Angelique Macon,amacon6u@yellowpages.com
Carine Bengtson,cbengtson6v@xrea.com
Blythe Mingardi,bmingardi6w@irs.gov
Alric Havercroft,ahavercroft6x@cam.ac.uk
Marchall Hulk,mhulk6y@trellian.com
Bird Meijer,bmeijer6z@linkedin.com
Brion Gullivan,bgullivan70@alexa.com
Tadio Perchard,tperchard71@cbslocal.com
Dell Ashe,dashe72@intel.com
Evelyn Overlow,eoverlow73@goo.ne.jp
Caryl Tumayan,ctumayan74@fda.gov
Hetti Kennea,hkennea75@prweb.com
Elfrieda Ruffy,eruffy76@webnode.com
Antonella Willavoys,awillavoys77@businessweek.com
Valenka Artin,vartin78@dailymotion.com
Gail Antoniou,gantoniou79@google.co.uk
Fred Roggieri,froggieri7a@shutterfly.com
Esme Petric,epetric7b@wunderground.com
Susie Leggat,sleggat7c@shutterfly.com
Rhodie Bascombe,rbascombe7d@prnewswire.com
Claudine Kilbride,ckilbride7e@ask.com
Hurleigh Mordey,hmordey7f@friendfeed.com
Neron McKeevers,nmckeevers7g@loc.gov
Imojean Roy,iroy7h@php.net
Stu Maughan,smaughan7i@ihg.com
Maximo Aiton,maiton7j@qq.com
Edita Le Marquand,ele7k@blogs.com
Barde Evert,bevert7l@eventbrite.com
Aida Francello,afrancello7m@com.com
Francine Schollar,fschollar7n@hibu.com
Issiah Murfett,imurfett7o@topsy.com
Murielle Milam,mmilam7p@ning.com
Brittany Tonbridge,btonbridge7q@admin.ch
Nap Bickerdike,nbickerdike7r@xrea.com
Gabe Weld,gweld7s@zimbio.com
Toinette Booeln,tbooeln7t@phpbb.com
Helaine Gilstoun,hgilstoun7u@bing.com
Jamie Ledgley,jledgley7v@storify.com
Gwendolin Sebley,gsebley7w@fc2.com
Demetrius Hanlon,dhanlon7x@chicagotribune.com
Roma Hoyer,rhoyer7y@thetimes.co.uk
Leonidas Twidle,ltwidle7z@usatoday.com
Sianna Pengilly,spengilly80@sphinn.com
Link Erickssen,lerickssen81@uol.com.br
Lydon Vescovini,lvescovini82@google.co.uk
Nels Guwer,nguwer83@sbwire.com
Lorrin Foskew,lfoskew84@upenn.edu
Clayborn Delves,cdelves85@behance.net
Austina Hailes,ahailes86@amazon.co.jp
Selena Coils,scoils87@forbes.com
Darla Rayhill,drayhill88@booking.com
Dieter Josefsohn,djosefsohn89@php.net
Marcie Matzel,mmatzel8a@shop-pro.jp
Haleigh Ruseworth,hruseworth8b@free.fr
Sunny Plumstead,splumstead8c@va.gov
Leodora Wackly,lwackly8d@wikia.com
Edithe Crooks,ecrooks8e@state.gov
Maurits Cubbinelli,mcubbinelli8f@ezinearticles.com
Amargo Bracci,abracci8g@xinhuanet.com
Ange Rosenkrantz,arosenkrantz8h@shutterfly.com
Barry Headings,bheadings8i@oracle.com
Kaitlin Sides,ksides8j@telegraph.co.uk
Arlene De la croix,ade8k@xinhuanet.com
Smitty Hickin,shickin8l@fc2.com
Grant Dibling,gdibling8m@uiuc.edu
Flossi Francescone,ffrancescone8n@gmpg.org
Galina Scruby,gscruby8o@wp.com
Sibylla Keysel,skeysel8p@last.fm
Lorena Kirkbright,lkirkbright8q@newyorker.com
Kailey Scamadin,kscamadin8r@kickstarter.com
Win Renneke,wrenneke8s@abc.net.au
Kimberly Hairsnape,khairsnape8t@stanford.edu
Quillan Gorsse,qgorsse8u@github.io
Meir McSwan,mmcswan8v@mysql.com
Patric McCaw,pmccaw8w@accuweather.com
Tynan Lile,tlile8x@elegantthemes.com
Reagan Brokenshire,rbrokenshire8y@diigo.com
Obidiah Mendus,omendus8z@walmart.com
Clarisse Kenzie,ckenzie90@shutterfly.com
Cesar Thickins,cthickins91@ted.com
Genni Ganter,gganter92@bloglovin.com
Nalani Enriques,nenriques93@exblog.jp
Aloysius Baitey,abaitey94@stanford.edu
Gaye Tew,gtew95@mediafire.com
Coleen Kemitt,ckemitt96@delicious.com
Jodi Maddern,jmaddern97@bbb.org
Jermaine Posselwhite,jposselwhite98@unesco.org
Faydra Strutley,fstrutley99@uol.com.br
Claudia Beevens,cbeevens9a@sohu.com
Eleanore Chape,echape9b@examiner.com
Minnaminnie Notley,mnotley9c@tinyurl.com
Alonso Kagan,akagan9d@umn.edu
Deny O' Dornan,do9e@etsy.com
Carree Clarson,cclarson9f@gnu.org
Denys Louden,dlouden9g@sciencedirect.com
Ursala Alves,ualves9h@google.com.br
Hallsy Silman,hsilman9i@tumblr.com
Edlin McGaugey,emcgaugey9j@constantcontact.com
Kermit Lycett,klycett9k@stumbleupon.com
Decca Stucksbury,dstucksbury9l@hud.gov
Valentina Fulle,vfulle9m@mediafire.com
Prentiss Frisch,pfrisch9n@boston.com
Virginie Riccardelli,vriccardelli9o@tinypic.com
Marni Jaksic,mjaksic9p@zimbio.com
Roger Ascough,rascough9q@sciencedaily.com
Danny Gransden,dgransden9r@github.com
Delora Loosley,dloosley9s@bluehost.com
Ketty Azam,kazam9t@sogou.com
Meryl Serck,mserck9u@yelp.com
Theadora Tuckley,ttuckley9v@harvard.edu
Booth Borthe,bborthe9w@jiathis.com
Kinsley Cattermull,kcattermull9x@soundcloud.com
Kippy Nunan,knunan9y@domainmarket.com
Aldwin Cordet,acordet9z@ameblo.jp
Hirsch Collidge,hcollidgea0@biglobe.ne.jp
Deck Whisker,dwhiskera1@mac.com
Adoree Aulton,aaultona2@rediff.com
Demetrius Le Breton,dlea3@mashable.com
Rudolph Whitehouse,rwhitehousea4@wufoo.com
De Juggins,djugginsa5@weather.com
Alyosha Pipet,apipeta6@blogspot.com
Gusti Sailor,gsailora7@bing.com
Ahmad Wiggall,awiggalla8@hp.com
Burty Toffts,btofftsa9@hexun.com
Grace Whapple,gwhappleaa@issuu.com
Leonhard Rumbelow,lrumbelowab@whitehouse.gov
Flss Fanthome,ffanthomeac@state.gov
Vivianne O'Cosgra,vocosgraad@xing.com
Georgeta Drayn,gdraynae@yandex.ru
Anthiathia Corah,acorahaf@disqus.com
Mordecai Roft,mroftag@soup.io
Alexander Harberer,aharbererah@wsj.com
Irwinn Vuittet,ivuittetai@europa.eu
Dougie Badland,dbadlandaj@nhs.uk
Caritta Webb,cwebbak@kickstarter.com
Morgen Discombe,mdiscombeal@gmpg.org
Michale Siene,msieneam@businessweek.com
Laverna Kernermann,lkernermannan@zimbio.com
Abbott Fisher,afisherao@nationalgeographic.com
Brandie Inns,binnsap@goo.ne.jp
Minne Arington,maringtonaq@sun.com
Eward Qusklay,equsklayar@cisco.com
Melosa Goodhand,mgoodhandas@redcross.org
Fred Bromley,fbromleyat@a8.net
Odell Tout,otoutau@blog.com
Montague Morlon,mmorlonav@angelfire.com
Corri Schooling,cschoolingaw@indiatimes.com
Eugenio Blethin,eblethinax@over-blog.com
Ileana Hamon,ihamonay@springer.com
Zsa zsa Lanktree,zzsaaz@360.cn
Darlene Steabler,dsteablerb0@examiner.com
Emily Glen,eglenb1@google.cn
Sal Blakden,sblakdenb2@google.co.jp
Maddie Mcall,mmcallb3@imdb.com
Melodie Bonevant,mbonevantb4@usda.gov
Camila Blumer,cblumerb5@comsenz.com
Dee dee Laste,ddeeb6@si.edu
Estelle Almack,ealmackb7@nifty.com
Alvy Crutchley,acrutchleyb8@soundcloud.com
Karyn Daskiewicz,kdaskiewiczb9@patch.com
Hilary Breward,hbrewardba@chron.com
Travers Wickerson,twickersonbb@ftc.gov
Farleigh MacNeil,fmacneilbc@cdc.gov
Elliot Blant,eblantbd@youtube.com
Hollyanne Haughey,hhaugheybe@wisc.edu
Dom Whitter,dwhitterbf@taobao.com
Oberon Dallimore,odallimorebg@myspace.com
Gerta Le Monnier,glebh@hp.com
Marianna Blomfield,mblomfieldbi@myspace.com
Giffie Firbanks,gfirbanksbj@123-reg.co.uk
Aindrea Caulier,acaulierbk@parallels.com
Brockie Whalley,bwhalleybl@cpanel.net
Alexis Barehead,abareheadbm@huffingtonpost.com
Kimberly Leggett,kleggettbn@ehow.com
Cecilla Thoday,cthodaybo@telegraph.co.uk
Lynelle Clementel,lclementelbp@samsung.com
Benedikta Vanyashkin,bvanyashkinbq@nbcnews.com
Ronnie Hill,rhillbr@hud.gov
Ricardo Matthiae,rmatthiaebs@java.com
Melisent Glewe,mglewebt@netvibes.com
Winnie McAndie,wmcandiebu@fastcompany.com
Rhoda Stuehmeyer,rstuehmeyerbv@google.ru
Gwenni Hazlehurst,ghazlehurstbw@freewebs.com
Bella Mc Pake,bmcbx@columbia.edu
Annette Kneesha,akneeshaby@arstechnica.com
Nola De Ferraris,ndebz@youtube.com
Dallon Tamburi,dtamburic0@washingtonpost.com
Danella Bumphries,dbumphriesc1@zdnet.com
Agnella Kyle,akylec2@is.gd
Zedekiah Paulich,zpaulichc3@issuu.com
Demetris McGiff,dmcgiffc4@google.es
Sula Celes,scelesc5@reddit.com
Antonie Songist,asongistc6@gnu.org
Jameson Iacomelli,jiacomellic7@hibu.com
Dosi Chicchelli,dchicchellic8@etsy.com
Benson Bartul,bbartulc9@vk.com
Dacy Tixall,dtixallca@smugmug.com
Mathilde Chasmer,mchasmercb@indiatimes.com
Savina Schultes,sschultescc@barnesandnoble.com
Micki Varnals,mvarnalscd@discuz.net
Goldi Lattka,glattkace@hugedomains.com
Ophelie Harner,oharnercf@va.gov
Jean Grover,jgrovercg@un.org
Dorothee Spacy,dspacych@youtube.com
Genni Hanscom,ghanscomci@senate.gov
Rosina Giveen,rgiveencj@uol.com.br
Golda Marielle,gmarielleck@reverbnation.com
Harbert Everall,heverallcl@twitpic.com
Gennie Sidon,gsidoncm@fema.gov
Elvin Bilbie,ebilbiecn@ox.ac.uk
Chad Keble,ckebleco@epa.gov
Rubie De Cruz,rdecp@multiply.com
Ottilie Thombleson,othomblesoncq@google.com.au
Patric Tordiffe,ptordiffecr@wikipedia.org
Piggy Hartford,phartfordcs@narod.ru
Robinet Auchinleck,rauchinleckct@github.io
Babette Sworder,bswordercu@barnesandnoble.com
Robinson Fihelly,rfihellycv@ycombinator.com
Avrit Mc Cahey,amccw@npr.org
Edgard Ahlin,eahlincx@skyrock.com
Kelli Billing,kbillingcy@themeforest.net
Farleigh Kenna,fkennacz@fastcompany.com
Farlie Hardstaff,fhardstaffd0@ebay.com
Jobye Guidone,jguidoned1@domainmarket.com
Rivkah Crepin,rcrepind2@pinterest.com
Foster Jeffers,fjeffersd3@npr.org
Klarrisa Engel,kengeld4@fema.gov
Blaire Laroux,blarouxd5@desdev.cn
Faulkner Gowar,fgoward6@goodreads.com
Desiri Fawltey,dfawlteyd7@globo.com
Valry Everwin,veverwind8@bloglines.com
Tiffani Cartmael,tcartmaeld9@example.com
Charline McDonell,cmcdonellda@lulu.com
Abelard Kermath,akermathdb@google.ca
Quentin Jennemann,qjennemanndc@wunderground.com
Flor Barbrick,fbarbrickdd@gravatar.com
Whitney Yearby,wyearbyde@reddit.com
Essy Ranahan,eranahandf@wufoo.com
Carmelita Tippetts,ctippettsdg@mayoclinic.com
Borg Gore,bgoredh@freewebs.com
Filia Lowe,flowedi@cdbaby.com
Concordia Wloch,cwlochdj@pcworld.com
Terri Gogan,tgogandk@ibm.com
Riordan Waterhouse,rwaterhousedl@ebay.com
Lion Fridd,lfridddm@google.co.jp
Noam Mill,nmilldn@statcounter.com
Alric Claeskens,aclaeskensdo@tuttocitta.it
Elene Lehrian,elehriandp@list-manage.com
Meade Bastistini,mbastistinidq@washington.edu
Royce Clelle,rclelledr@last.fm
Culver Tiffney,ctiffneyds@ucoz.ru
Silvana Rollitt,srollittdt@parallels.com
Charyl Domsalla,cdomsalladu@sina.com.cn
Nyssa Lassells,nlassellsdv@bravesites.com
Martelle Lile,mliledw@tamu.edu
Petronilla McCreedy,pmccreedydx@pinterest.com
Josie Haugg,jhauggdy@stumbleupon.com
Roscoe Hagwood,rhagwooddz@unc.edu
Bridgette Speariett,bspeariette0@1688.com
Gherardo Girogetti,ggirogettie1@friendfeed.com
Dolli Stirgess,dstirgesse2@patch.com
Quill Deetch,qdeetche3@parallels.com
Abdel Vauls,avaulse4@imdb.com
Valentina Morratt,vmorratte5@godaddy.com
Glyn Pallas,gpallase6@hhs.gov
Trixi Snel,tsnele7@loc.gov
Tamma Wharrier,twharriere8@booking.com
Aldous Duncombe,aduncombee9@hostgator.com
Jena Tolman,jtolmanea@gravatar.com
Zora Kingman,zkingmaneb@yahoo.co.jp
Arne Mackrell,amackrellec@canalblog.com
Dulce Liptrot,dliptroted@cbslocal.com
Hoebart Baxster,hbaxsteree@berkeley.edu
Carlo Ales,calesef@wordpress.com
Tait Schuck,tschuckeg@reddit.com
Eolanda Rossbrook,erossbrookeh@census.gov
Yardley Ridel,yridelei@virginia.edu
Melesa Spurier,mspurierej@over-blog.com
Neddy Village,nvillageek@dot.gov
Elle Gelly,egellyel@paginegialle.it
Bernardo Montfort,bmontfortem@weibo.com
Micki Earpe,mearpeen@surveymonkey.com
Rene Pierpoint,rpierpointeo@google.ru
Bridie Dicker,bdickerep@stanford.edu
Nolana Forsey,nforseyeq@printfriendly.com
Guillermo Farrimond,gfarrimonder@discuz.net
Gilemette D'Acth,gdacthes@amazon.de
Dedie Postlewhite,dpostlewhiteet@wired.com
Elwyn Schustl,eschustleu@creativecommons.org
Blaine Bemrose,bbemroseev@hugedomains.com
Malvina Bartosiak,mbartosiakew@histats.com
Joyan Benoy,jbenoyex@dedecms.com
Urbano Morfield,umorfieldey@tuttocitta.it
Christoph Tarrant,ctarrantez@chicagotribune.com
Marisa Rival,mrivalf0@blogspot.com
Lucine Pods,lpodsf1@people.com.cn
Leanna Spaice,lspaicef2@nytimes.com
Had Hattam,hhattamf3@paginegialle.it
Waylen Aronovich,waronovichf4@ucoz.com
Bryan McClune,bmcclunef5@upenn.edu
Tamarah Symcox,tsymcoxf6@microsoft.com
Whitaker Trickey,wtrickeyf7@bloglovin.com
Claudina Batty,cbattyf8@discovery.com
Octavius MacGillivray,omacgillivrayf9@drupal.org
Minne Winfindale,mwinfindalefa@dropbox.com
Marissa Mullaney,mmullaneyfb@mysql.com
Ashton Sowley,asowleyfc@answers.com
Alister Alldread,aalldreadfd@sogou.com
Alyosha Gawthorpe,agawthorpefe@histats.com
Maude Kellett,mkellettff@berkeley.edu
Shelby Banes,sbanesfg@engadget.com
Gregorio Fulks,gfulksfh@baidu.com
Drugi Maccrie,dmaccriefi@1und1.de
Duky Jessel,djesselfj@creativecommons.org
Lolly Dainty,ldaintyfk@flickr.com
Mariquilla Cutting,mcuttingfl@xing.com
Bourke Stoll,bstollfm@scribd.com
Lem Eppson,leppsonfn@tripadvisor.com
Ibrahim Antczak,iantczakfo@umn.edu
Teressa Murney,tmurneyfp@cornell.edu
Celisse Yole,cyolefq@bigcartel.com
Dene Jirick,djirickfr@ibm.com
Starlin O'Cahsedy,socahsedyfs@qq.com
Eleanor Hyett,ehyettft@networkadvertising.org
Keane Mott,kmottfu@cbc.ca
Addison Velden,aveldenfv@theglobeandmail.com
Kit Sawer,ksawerfw@wufoo.com
Matthaeus Espadater,mespadaterfx@plala.or.jp
Pennie Summerly,psummerlyfy@typepad.com
Yance Halfhead,yhalfheadfz@jimdo.com
Johnnie Esch,jeschg0@odnoklassniki.ru
Giorgio Densham,gdenshamg1@miitbeian.gov.cn
Stephanie Halward,shalwardg2@economist.com
Thatch Shatford,tshatfordg3@kickstarter.com
Debby Parsell,dparsellg4@chicagotribune.com
Gill Arpin,garping5@microsoft.com
Tiff Dunklee,tdunkleeg6@yahoo.co.jp
Trina Dingley,tdingleyg7@soup.io
Darya Leap,dleapg8@yolasite.com
Kin Merwood,kmerwoodg9@kickstarter.com
Rachelle Constanza,rconstanzaga@umich.edu
Gabi Syversen,gsyversengb@yellowbook.com
Onfroi Arnholz,oarnholzgc@dedecms.com
Casie McClinton,cmcclintongd@eepurl.com
Lila O'Glessane,loglessanege@linkedin.com
Gerrie Root,grootgf@storify.com
Vail Hessenthaler,vhessenthalergg@usgs.gov
Lillian Fibbens,lfibbensgh@angelfire.com
Nicola Gyves,ngyvesgi@bloglovin.com
Esther Ducarne,educarnegj@joomla.org
Foss Seman,fsemangk@jalbum.net
Mindy Rouse,mrousegl@purevolume.com
Alfy Godspeede,agodspeedegm@is.gd
Agnese Lawlor,alawlorgn@cdbaby.com
Kippie Mann,kmanngo@imageshack.us
Hobey Halworth,hhalworthgp@jiathis.com
Bernardina Papen,bpapengq@arstechnica.com
Devora Attrill,dattrillgr@yale.edu
Mord Rosenfield,mrosenfieldgs@illinois.edu
Morry Libero,mliberogt@behance.net
Melisandra Blachford,mblachfordgu@rambler.ru
Dorthy Duckfield,dduckfieldgv@bbb.org
Dieter Cossem,dcossemgw@washingtonpost.com
Padgett Le Galle,plegx@psu.edu
Sabra Andersson,sanderssongy@msu.edu
Sansone Crippen,scrippengz@elpais.com
Delainey Bestar,dbestarh0@skyrock.com
Ruby Dignam,rdignamh1@technorati.com
Rivi Lidell,rlidellh2@quantcast.com
Queenie Kewley,qkewleyh3@thetimes.co.uk
Albie Josland,ajoslandh4@biblegateway.com
Shirl Petrollo,spetrolloh5@pbs.org
Etheline Morrad,emorradh6@prnewswire.com
Jens Ianson,jiansonh7@unc.edu
Ilyse Thieme,ithiemeh8@virginia.edu
Noelle Crissil,ncrissilh9@discuz.net
Mervin Vauter,mvauterha@theglobeandmail.com
Dynah Sancto,dsanctohb@timesonline.co.uk
Elsworth Otterwell,eotterwellhc@over-blog.com
Mozelle Minet,mminethd@nasa.gov
Clifford Wingar,cwingarhe@webmd.com
Goddard Scatchard,gscatchardhf@icio.us
Allina McJerrow,amcjerrowhg@digg.com
Anatollo Peirson,apeirsonhh@elegantthemes.com
Elaina Hawick,ehawickhi@pagesperso-orange.fr
Bellanca Melchior,bmelchiorhj@addthis.com
Amy Brunon,abrunonhk@tumblr.com
Berty Bollans,bbollanshl@youtu.be
Jade Robiot,jrobiothm@yellowbook.com
Kiel Baglan,kbaglanhn@ycombinator.com
Trever Ghilks,tghilksho@slate.com
Eadmund Buterton,ebutertonhp@boston.com
Lorianne Merman,lmermanhq@ftc.gov
Scottie Runham,srunhamhr@flavors.me
Kyla MacRanald,kmacranaldhs@sciencedaily.com
Patrizia Graine,pgraineht@fastcompany.com
Aindrea Padwick,apadwickhu@si.edu
Damian Denisevich,ddenisevichhv@oaic.gov.au
Waylan Budnik,wbudnikhw@wordpress.org
Ferd Sextie,fsextiehx@tmall.com
Felix Bare,fbarehy@thetimes.co.uk
Ludvig Frichley,lfrichleyhz@macromedia.com
Sergeant Hallowell,shallowelli0@msu.edu
Roarke Golsthorp,rgolsthorpi1@g.co
Jaime Battaille,jbattaillei2@tmall.com
Kaleena Streight,kstreighti3@discuz.net
Verine Fishley,vfishleyi4@springer.com
Al Coward,acowardi5@dropbox.com
Lexis Mallya,lmallyai6@independent.co.uk
Anissa Scheffel,ascheffeli7@globo.com
Huntington Herreran,hherrerani8@house.gov
Irv McKea,imckeai9@merriam-webster.com
Merline Gloucester,mgloucesteria@barnesandnoble.com
Reggie Verralls,rverrallsib@foxnews.com
Roderick Wilshin,rwilshinic@skype.com
Gates Liggens,gliggensid@forbes.com
Marthena Petruk,mpetrukie@ft.com
Virgie di Rocca,vdiif@answers.com
Adina Gyorgy,agyorgyig@ihg.com
Pearle Bramich,pbramichih@phpbb.com
Gideon Aylett,gaylettii@istockphoto.com
Fredrick Gerrish,fgerrishij@buzzfeed.com
Elsy Antusch,eantuschik@infoseek.co.jp
Trisha Lynd,tlyndil@ask.com
Paule Pheasant,ppheasantim@netvibes.com
Loraine Saddleton,lsaddletonin@dot.gov
Iseabal Henden,ihendenio@ebay.co.uk
Jammie Hedgeman,jhedgemanip@theglobeandmail.com
Colman Ivanilov,civaniloviq@pen.io
Kain Ryley,kryleyir@meetup.com
Valerye Maiklem,vmaiklemis@trellian.com
Deloria Grindlay,dgrindlayit@devhub.com
Sky Adelsberg,sadelsbergiu@phoca.cz
Brenn Whales,bwhalesiv@comcast.net
Anni Jeffryes,ajeffryesiw@delicious.com
Clarissa Vinden,cvindenix@rediff.com
Chloe Denisyuk,cdenisyukiy@cocolog-nifty.com
Rosalyn Kefford,rkeffordiz@addthis.com
Noell Challiss,nchallissj0@i2i.jp
Calida Sanger,csangerj1@livejournal.com
Tilda Fishpoole,tfishpoolej2@skyrock.com
Nady Dziwisz,ndziwiszj3@bandcamp.com
Rosabel Gowans,rgowansj4@yolasite.com
Benjy Hake,bhakej5@smh.com.au
Sherman Rutigliano,srutiglianoj6@taobao.com
Jeana Greeve,jgreevej7@elpais.com
Job Prisley,jprisleyj8@wsj.com
Roley Pridmore,rpridmorej9@wunderground.com
Isobel Brockett,ibrockettja@wikimedia.org
Burk Scholz,bscholzjb@cpanel.net
Rriocard Jaume,rjaumejc@amazon.co.uk
Gnni Springford,gspringfordjd@senate.gov
Lizette Frances,lfrancesje@toplist.cz
Glyn Arrandale,garrandalejf@shutterfly.com
Keir Elderkin,kelderkinjg@prnewswire.com
Ardys Timoney,atimoneyjh@ucoz.ru
Alley Layburn,alayburnji@about.me
Brandy Bridson,bbridsonjj@mapquest.com
Travis Pardal,tpardaljk@hibu.com
Carolynn Soeiro,csoeirojl@technorati.com
Celine Chatain,cchatainjm@yelp.com
Jobey Echlin,jechlinjn@weibo.com
Mendie Godlip,mgodlipjo@gravatar.com
Klemens Tiernan,ktiernanjp@boston.com
Lindy Staneland,lstanelandjq@hhs.gov
Jeffry Goter,jgoterjr@deviantart.com
Marys Barnhart,mbarnhartjs@posterous.com
Sissie Kringe,skringejt@jimdo.com
Alexis Enns,aennsju@google.com.br
Othelia Scurry,oscurryjv@digg.com
Francene Bebbington,fbebbingtonjw@360.cn
Lorene Barnfather,lbarnfatherjx@newsvine.com
Garrett Halliberton,ghallibertonjy@hexun.com
Broderick Spellacey,bspellaceyjz@i2i.jp
Gerianne Andover,gandoverk0@ebay.co.uk
Jarad Dailey,jdaileyk1@tuttocitta.it
Garwin Deason,gdeasonk2@wunderground.com
Vinnie Going,vgoingk3@yale.edu
Annalee Wyllt,awylltk4@umn.edu
Agnese Keunemann,akeunemannk5@salon.com
Nora Lukash,nlukashk6@1688.com
Emmanuel Cuschieri,ecuschierik7@reference.com
Farand Belcham,fbelchamk8@umich.edu
Berkie Bellas,bbellask9@howstuffworks.com
Dierdre Michelle,dmichelleka@vk.com
Loraine Waine,lwainekb@epa.gov
Augusta Clavering,aclaveringkc@ovh.net
Nappy Witterick,nwitterickkd@netlog.com
Addie Kinloch,akinlochke@etsy.com
Ruben Pattrick,rpattrickkf@amazon.com
Eolande Genicke,egenickekg@webs.com
Nicola Durand,ndurandkh@umn.edu
Vito Padula,vpadulaki@wufoo.com
Sauveur Duckett,sduckettkj@feedburner.com
Kimberlyn Coners,kconerskk@netvibes.com
Ivor Summerbell,isummerbellkl@indiegogo.com
Mia Balshaw,mbalshawkm@skype.com
Walker Abrahart,wabrahartkn@cbc.ca
Hyatt Presslee,hpressleeko@trellian.com
Trudey Gytesham,tgyteshamkp@mail.ru
Ethelyn Carding,ecardingkq@diigo.com
Rudd Longland,rlonglandkr@fastcompany.com
Ibby Sedgwick,isedgwickks@moonfruit.com
Ragnar Zum Felde,rzumkt@dailymotion.com
Hilliary Halfacre,hhalfacreku@squarespace.com
David Ahern,dahernkv@amazonaws.com
Dulce Vaughn,dvaughnkw@cbsnews.com
Corabella Lockhurst,clockhurstkx@utexas.edu
Ruthie Willshear,rwillshearky@hc360.com
Mariette Scolli,mscollikz@loc.gov
Julita Capp,jcappl0@ustream.tv
Candra Kershaw,ckershawl1@amazon.co.uk
Bonnee Chaston,bchastonl2@fastcompany.com
Dianna Rugiero,drugierol3@altervista.org
Abby Kleinlerer,akleinlererl4@newyorker.com
Gusella Rewan,grewanl5@reference.com
Marcellus Avieson,maviesonl6@myspace.com
Hailey Brendish,hbrendishl7@friendfeed.com
Budd Sole,bsolel8@blog.com
Bambi Blakeden,bblakedenl9@php.net
Ashlee Pinyon,apinyonla@behance.net
Andriette Swadon,aswadonlb@washington.edu
Lorelei Stripp,lstripplc@seattletimes.com
Robinia Grainge,rgraingeld@alibaba.com
Jeffry Titmus,jtitmusle@flavors.me
Keane Fishlock,kfishlocklf@ft.com
Zelig Durante,zdurantelg@state.gov
Jinny McVittie,jmcvittielh@constantcontact.com
Marcelle Huckfield,mhuckfieldli@hatena.ne.jp
Claybourne Baudi,cbaudilj@wordpress.org
Giordano Gallen,ggallenlk@census.gov
Mariska Bransom,mbransomll@stumbleupon.com
Jermayne Albutt,jalbuttlm@icio.us
Ophelia Harden,ohardenln@apache.org
John McGray,jmcgraylo@tuttocitta.it
Hilton Trees,htreeslp@blogspot.com
Bartel Gorse,bgorselq@examiner.com
Hannis Tapply,htapplylr@cloudflare.com
Aloise Weatherburn,aweatherburnls@bluehost.com
Bent Mattioli,bmattiolilt@digg.com
Binky Morter,bmorterlu@trellian.com
Rica Flecknell,rflecknelllv@usa.gov
Rosene Sweetmore,rsweetmorelw@dell.com
Vitia Rushmere,vrushmerelx@washingtonpost.com
Bearnard Eccersley,beccersleyly@skyrock.com
Ignatius McMahon,imcmahonlz@phpbb.com
Tobie Twigge,ttwiggem0@yahoo.com
Con Simek,csimekm1@github.com
Guntar Gadsdon,ggadsdonm2@google.com.br
Andre Aaronsohn,aaaronsohnm3@zimbio.com
Suki Worman,swormanm4@squarespace.com
Lawton Broxup,lbroxupm5@hatena.ne.jp
Erny Fears,efearsm6@123-reg.co.uk
Enid Cousens,ecousensm7@gnu.org
Xenos Hurne,xhurnem8@joomla.org
Cecilius Fullagar,cfullagarm9@instagram.com
Gaspar Hilling,ghillingma@shareasale.com
Concettina Roscamps,croscampsmb@va.gov
Camellia Tomkys,ctomkysmc@themeforest.net
Tiff Haile,thailemd@about.com
Jordan Wignall,jwignallme@meetup.com
Jelene Gelly,jgellymf@trellian.com
Edie McBay,emcbaymg@ebay.co.uk
Lindon Rosedale,lrosedalemh@instagram.com
Raye Boyer,rboyermi@ezinearticles.com
Ignatius Hrishanok,ihrishanokmj@spotify.com
Adamo Montes,amontesmk@psu.edu
Gaylord Syphas,gsyphasml@issuu.com
Ada Fawdery,afawderymm@discovery.com
Ranee Pedrol,rpedrolmn@booking.com
Carleen Rudwell,crudwellmo@sogou.com
Kile Gascard,kgascardmp@joomla.org
Felice Robertacci,frobertaccimq@nature.com
Adrian Gockeler,agockelermr@dedecms.com
Frederich Pues,fpuesms@reference.com
Arty Garvey,agarveymt@samsung.com
Dennie Pacey,dpaceymu@mapquest.com
Crystal Elt,celtmv@elegantthemes.com
Jaymie Cracknall,jcracknallmw@dedecms.com
Cordy Wait,cwaitmx@jimdo.com
Saraann Moylan,smoylanmy@answers.com
Aurthur Boykett,aboykettmz@abc.net.au
Frederic Gaskall,fgaskalln0@engadget.com
Myrtle Gilbee,mgilbeen1@dailymail.co.uk
Brianna Provest,bprovestn2@ow.ly
Costanza Wheadon,cwheadonn3@odnoklassniki.ru
Weston Russe,wrussen4@dell.com
Maye Obray,mobrayn5@dion.ne.jp
Shawnee Thayre,sthayren6@ow.ly
Rory Hassewell,rhassewelln7@youku.com
Tremain Forre,tforren8@walmart.com
Merlina Varfolomeev,mvarfolomeevn9@skype.com
Scarlett Dudden,sduddenna@soundcloud.com
Webb Farr,wfarrnb@psu.edu
Danie Oliphand,doliphandnc@cmu.edu
Glynda Swayte,gswaytend@state.gov
Charlean Ector,cectorne@nationalgeographic.com
Johnath O'Leagham,joleaghamnf@howstuffworks.com
Waylan McNab,wmcnabng@salon.com
Codie Dumingo,cdumingonh@yellowpages.com
Daron Pittson,dpittsonni@jigsy.com
Ike Petschelt,ipetscheltnj@vistaprint.com
Pavia Messer,pmessernk@yale.edu
Dorree Killough,dkilloughnl@t-online.de
Paule Linacre,plinacrenm@ox.ac.uk
Aubrey Hardern,ahardernnn@craigslist.org
Kimmie Benkhe,kbenkheno@cam.ac.uk
Flinn Franses,ffransesnp@clickbank.net
Annis Prettyman,aprettymannq@php.net
Alasteir Grono,agrononr@businessinsider.com
Loella Chazette,lchazettens@zdnet.com
Lavena Isselee,lisseleent@domainmarket.com
Liv Goomes,lgoomesnu@ebay.co.uk
Taylor Heymann,theymannnv@webmd.com
Dukie Clowney,dclowneynw@netvibes.com
Armand Kitney,akitneynx@ebay.co.uk
Stuart Caslane,scaslaneny@sakura.ne.jp
Querida Jarret,qjarretnz@eepurl.com
Carolynn Henze,chenzeo0@npr.org
Rochella Jaulmes,rjaulmeso1@hibu.com
Willette Hrachovec,whrachoveco2@parallels.com
Christiane Sleath,csleatho3@amazonaws.com
Polly Fulbrook,pfulbrooko4@vk.com
Ricoriki Hantusch,rhantuscho5@ox.ac.uk
Toiboid Killerby,tkillerbyo6@house.gov
Rockwell Trevaskis,rtrevaskiso7@woothemes.com
Zora Russo,zrussoo8@fda.gov
Mick Brewitt,mbrewitto9@theatlantic.com
Shalne Ladbury,sladburyoa@technorati.com
Ahmad Daughton,adaughtonob@xrea.com
Smith Pettyfar,spettyfaroc@newsvine.com
Loleta Vaszoly,lvaszolyod@51.la
Orin Castano,ocastanooe@pagesperso-orange.fr
Isa Cianni,icianniof@bluehost.com
Ernestine Licence,elicenceog@barnesandnoble.com
Nomi Neachell,nneachelloh@who.int
Ingaberg Blackler,iblackleroi@wordpress.com
Greggory Wrack,gwrackoj@thetimes.co.uk
Hadrian Linner,hlinnerok@cargocollective.com
Hali Risborough,hrisboroughol@bandcamp.com
Holli Wethered,hwetheredom@flavors.me
Brandise Avo,bavoon@github.io
Charmaine McPike,cmcpikeoo@mac.com
Roby McGragh,rmcgraghop@sogou.com
Jerri Caddens,jcaddensoq@europa.eu
Mose Lakenden,mlakendenor@tripadvisor.com
Maris Doulton,mdoultonos@accuweather.com
Atalanta Dyson,adysonot@google.com.br
Darsey Emptage,demptageou@de.vu
Lorrayne Stockney,lstockneyov@ucsd.edu
Bekki Beart,bbeartow@salon.com
Antonietta Pethrick,apethrickox@prlog.org
Ruthie Claisse,rclaisseoy@joomla.org
Willi Traill,wtrailloz@tiny.cc
Dori Caulkett,dcaulkettp0@slate.com
Karna Oxby,koxbyp1@list-manage.com
Janina Joiner,jjoinerp2@odnoklassniki.ru
Martie Bonhill,mbonhillp3@ovh.net
Wynn Hatwell,whatwellp4@networksolutions.com
Bron Ennew,bennewp5@slashdot.org
Mellisent Keast,mkeastp6@friendfeed.com
Frants Vaughn,fvaughnp7@ask.com
Zondra Olliver,zolliverp8@businessweek.com
Alaine Rogeon,arogeonp9@booking.com
Rees Nuccitelli,rnuccitellipa@moonfruit.com
Jaimie Szymonwicz,jszymonwiczpb@stumbleupon.com
Cate Hains,chainspc@netscape.com
Karl Yeulet,kyeuletpd@51.la
Jess Skelly,jskellype@theguardian.com
Randie Leyban,rleybanpf@army.mil
Jacquenetta Coppenhall,jcoppenhallpg@bizjournals.com
Timothee Belford,tbelfordph@umich.edu
Tildy Grimbaldeston,tgrimbaldestonpi@wisc.edu
Cleavland Stennes,cstennespj@bandcamp.com
Glyn Tommaseo,gtommaseopk@acquirethisname.com
Garrik Godwin,ggodwinpl@hubpages.com
Christoper Dykes,cdykespm@google.co.uk
Yoshi Leyson,yleysonpn@vk.com
Geri Longthorne,glongthornepo@tiny.cc
Dalli Benedyktowicz,dbenedyktowiczpp@auda.org.au
Winston Pitcaithly,wpitcaithlypq@flickr.com
Delainey Enderson,dendersonpr@about.me
Jase Lantuff,jlantuffps@prnewswire.com
Ali Sandyford,asandyfordpt@thetimes.co.uk
Miguel Stitwell,mstitwellpu@imageshack.us
Evelin Hallmark,ehallmarkpv@buzzfeed.com
Talia Stradling,tstradlingpw@ifeng.com
Desdemona Stiles,dstilespx@indiegogo.com
Candice Bellerby,cbellerbypy@mayoclinic.com
Ellie Gritsunov,egritsunovpz@google.it
Shelagh Praton,spratonq0@51.la
Lenard Rebert,lrebertq1@amazon.de
Danya Hasser,dhasserq2@ask.com
Shepherd Whistlecroft,swhistlecroftq3@disqus.com
Jamal Dudderidge,jdudderidgeq4@nbcnews.com
Troy Calam,tcalamq5@phoca.cz
Kellen Jennick,kjennickq6@symantec.com
Gary Bolliver,gbolliverq7@liveinternet.ru
Nannette Marven,nmarvenq8@is.gd
Vivienne Tomaszkiewicz,vtomaszkiewiczq9@irs.gov
Gracie Hodgets,ghodgetsqa@chronoengine.com
Ellette Tremoulet,etremouletqb@intel.com
Sally Delagnes,sdelagnesqc@auda.org.au
Tedra Causbey,tcausbeyqd@weebly.com
Dorie Sweatland,dsweatlandqe@marketwatch.com
Demetris Lichtfoth,dlichtfothqf@google.cn
Roddy Cottrill,rcottrillqg@earthlink.net
Jenna Marchent,jmarchentqh@yandex.ru
Nathanial Collings,ncollingsqi@printfriendly.com
Germain Vaughton,gvaughtonqj@ucoz.ru
Mara Vasilechko,mvasilechkoqk@pinterest.com
Jose Bernasek,jbernasekql@multiply.com
Tristam Jirak,tjirakqm@oakley.com
Pauly Dudney,pdudneyqn@wiley.com
Kelcy Derdes,kderdesqo@ucoz.com
Arlinda Lie,alieqp@facebook.com
Hyacinth Hubach,hhubachqq@wunderground.com
Corbin Rosedale,crosedaleqr@weebly.com
Roxine Jarrard,rjarrardqs@wsj.com
Gloriane Spire,gspireqt@myspace.com
Theressa Curner,tcurnerqu@gmpg.org
Rockey Ryott,rryottqv@vimeo.com
Merrill Edmundson,medmundsonqw@amazon.co.jp
Rosalie Radborn,rradbornqx@kickstarter.com
Denis Kayne,dkayneqy@tiny.cc
Hulda Ever,heverqz@netlog.com
Tressa Peace,tpeacer0@netscape.com
Jacenta Hugett,jhugettr1@biblegateway.com
Walker Athelstan,wathelstanr2@nyu.edu
Manuel Mushet,mmushetr3@weather.com
Blinny Slaght,bslaghtr4@springer.com
Sherie Plumb,splumbr5@paypal.com
Christiano Hugnot,chugnotr6@columbia.edu
Cristi Greenman,cgreenmanr7@yandex.ru
Megan Cowins,mcowinsr8@123-reg.co.uk
Priscella Redbourn,predbournr9@salon.com
Korella Willshee,kwillsheera@topsy.com
Aggie Pigny,apignyrb@bravesites.com
Deni Iley,dileyrc@weather.com
Candida Cassells,ccassellsrd@netscape.com
Dasie Siggin,dsigginre@skype.com
Merilyn Rashleigh,mrashleighrf@sohu.com
Skye Littledike,slittledikerg@theguardian.com
Bryana Outhwaite,bouthwaiterh@csmonitor.com
Benoit Rubes,brubesri@amazonaws.com
Sholom Prazer,sprazerrj@google.nl
Tresa Garbett,tgarbettrk@mail.ru
Annalee Rowena,arowenarl@creativecommons.org
Krisha Fieldhouse,kfieldhouserm@google.ru
Edi Elstone,eelstonern@drupal.org
Joann Tudor,jtudorro@sakura.ne.jp
Baudoin Ingraham,bingrahamrp@economist.com
Addia Siemantel,asiemantelrq@hud.gov
Aleece Pietruszka,apietruszkarr@webs.com
